strategy,net_credit_per_sh,mean_pnl,median_pnl,win_rate,worst,best,beat_shares_rate,mean_edge_vs_shares,note
shares_only,0.00,546,-786,0.40,-6215,9333,0.35,-0,
CC 370,12.96,-274,510,0.65,-4920,1339,0.65,-820,
CC 375,10.85,-284,299,0.65,-5130,1628,0.65,-831,
CC 380,9.03,-289,117,0.55,-5312,1946,0.70,-835,
CC 385,7.47,-269,-39,0.50,-5468,2290,0.70,-816,
CC 390,6.15,-232,-171,0.45,-5600,2658,0.75,-778,
CC 395,5.04,-194,-282,0.45,-5711,3047,0.75,-740,
CC 400,4.12,-161,-374,0.45,-5803,3455,0.75,-707,
CC 405,3.36,-112,-450,0.45,-5879,3879,0.75,-658,
CC 410,2.73,-50,-512,0.45,-5942,4316,0.80,-597,
CC 415,2.22,-2,-563,0.45,-5993,4765,0.80,-548,
CC 420,1.81,57,-605,0.45,-6034,5224,0.80,-489,
CC 425,1.47,123,-639,0.45,-6068,5690,0.80,-423,
CC 430,1.20,196,-666,0.45,-6095,6163,0.80,-350,
CC 435,0.98,274,-688,0.45,-6117,6641,0.80,-272,
CC 370 / +C 375,1.66,513,-620,0.45,-6049,8999,0.60,-34,
CC 370 / +C 380,3.56,524,-430,0.45,-5859,8689,0.60,-22,
CC 370 / +C 385,5.18,511,-268,0.45,-5697,8351,0.60,-35,
CC 370 / +C 390,6.56,479,-130,0.45,-5560,7988,0.65,-67,
CC 370 / +C 395,7.71,445,-15,0.50,-5444,7603,0.65,-101,
CC 370 / +C 400,8.67,416,81,0.55,-5349,7199,0.65,-130,
CC 370 / +C 405,9.46,371,160,0.55,-5269,6779,0.65,-176,
CC 370 / +C 410,10.11,312,225,0.65,-5204,6344,0.65,-235,
CC 370 / +C 415,10.64,265,278,0.65,-5151,5897,0.65,-281,
CC 370 / +C 420,11.07,208,322,0.65,-5108,5440,0.65,-338,
CC 370 / +C 425,11.42,143,357,0.65,-5073,4975,0.65,-403,
CC 370 / +C 430,11.71,72,385,0.65,-5045,4503,0.65,-475,
CC 370 / +C 435,11.94,-6,408,0.65,-5022,4026,0.65,-552,
CC 370 / +C 440,12.12,-76,426,0.65,-5003,3545,0.65,-623,
CC 370 / +C 445,12.27,-136,441,0.65,-4988,3060,0.65,-683,
CC 370 / +C 450,12.39,-199,453,0.65,-4976,2572,0.65,-746,
CC 375 / +C 380,1.45,514,-641,0.45,-6070,8978,0.65,-33,
CC 375 / +C 385,3.08,501,-478,0.45,-5908,8640,0.65,-45,
CC 375 / +C 390,4.45,468,-341,0.45,-5770,8278,0.65,-78,
CC 375 / +C 395,5.60,435,-226,0.45,-5655,7893,0.65,-111,
CC 375 / +C 400,6.56,406,-130,0.45,-5559,7489,0.65,-141,
CC 375 / +C 405,7.35,360,-50,0.45,-5480,7068,0.65,-186,
CC 375 / +C 410,8.01,301,15,0.50,-5415,6633,0.65,-245,
CC 375 / +C 415,8.54,254,68,0.55,-5362,6186,0.65,-292,
CC 375 / +C 420,8.97,198,111,0.55,-5318,5730,0.65,-349,
CC 375 / +C 425,9.32,133,146,0.55,-5283,5265,0.65,-414,
CC 375 / +C 430,9.60,61,174,0.55,-5255,4793,0.65,-485,
CC 375 / +C 435,9.83,-16,197,0.65,-5232,4316,0.65,-562,
CC 375 / +C 440,10.02,-87,216,0.65,-5214,3834,0.65,-633,
CC 375 / +C 445,10.17,-147,231,0.65,-5199,3349,0.65,-693,
CC 375 / +C 450,10.29,-210,243,0.65,-5187,2861,0.65,-756,
CC 380 / +C 385,1.25,497,-661,0.45,-6090,8958,0.65,-50,
CC 380 / +C 390,2.63,464,-523,0.45,-5953,8595,0.65,-82,
CC 380 / +C 395,3.78,431,-408,0.45,-5837,8211,0.65,-116,
CC 380 / +C 400,4.74,402,-312,0.45,-5741,7807,0.65,-145,
CC 380 / +C 405,5.53,356,-233,0.45,-5662,7386,0.65,-190,
CC 380 / +C 410,6.18,297,-168,0.45,-5597,6951,0.65,-249,
CC 380 / +C 415,6.71,250,-114,0.45,-5544,6504,0.65,-296,
CC 380 / +C 420,7.15,194,-71,0.45,-5501,6047,0.65,-353,
CC 380 / +C 425,7.50,129,-36,0.50,-5466,5582,0.65,-418,
CC 380 / +C 430,7.78,57,-8,0.50,-5437,5111,0.65,-489,
CC 380 / +C 435,8.01,-20,15,0.50,-5414,4634,0.65,-567,
CC 380 / +C 440,8.19,-91,34,0.50,-5396,4152,0.65,-637,
CC 380 / +C 445,8.34,-151,48,0.55,-5381,3667,0.65,-697,
CC 380 / +C 450,8.46,-214,60,0.55,-5369,3179,0.65,-760,
CC 385 / +C 390,1.07,483,-679,0.45,-6108,8940,0.65,-63,
CC 385 / +C 395,2.22,450,-564,0.45,-5993,8555,0.65,-96,
CC 385 / +C 400,3.18,421,-468,0.45,-5897,8151,0.65,-126,
CC 385 / +C 405,3.97,375,-389,0.45,-5818,7730,0.65,-171,
CC 385 / +C 410,4.62,316,-323,0.45,-5753,7295,0.70,-230,
CC 385 / +C 415,5.16,269,-270,0.45,-5700,6848,0.70,-277,
CC 385 / +C 420,5.59,213,-227,0.45,-5657,6391,0.70,-334,
CC 385 / +C 425,5.94,148,-192,0.45,-5621,5926,0.70,-399,
CC 385 / +C 430,6.22,76,-164,0.45,-5593,5455,0.70,-470,
CC 385 / +C 435,6.45,-1,-141,0.45,-5570,4978,0.70,-547,
CC 385 / +C 440,6.64,-72,-122,0.45,-5552,4496,0.70,-618,
CC 385 / +C 445,6.78,-132,-107,0.45,-5537,4011,0.70,-678,
CC 385 / +C 450,6.91,-195,-95,0.45,-5525,3523,0.70,-741,
CC 390 / +C 395,0.90,488,-696,0.45,-6125,8923,0.70,-59,
CC 390 / +C 400,1.86,459,-600,0.45,-6029,8519,0.70,-88,
CC 390 / +C 405,2.65,413,-521,0.45,-5950,8098,0.70,-133,
CC 390 / +C 410,3.30,354,-455,0.45,-5885,7663,0.70,-192,
CC 390 / +C 415,3.84,307,-402,0.45,-5832,7216,0.70,-239,
CC 390 / +C 420,4.27,251,-359,0.45,-5789,6759,0.70,-296,
CC 390 / +C 425,4.62,186,-324,0.45,-5754,6294,0.70,-361,
CC 390 / +C 430,4.90,114,-296,0.45,-5725,5823,0.75,-432,
CC 390 / +C 435,5.13,37,-273,0.45,-5702,5346,0.75,-510,
CC 390 / +C 440,5.32,-34,-254,0.45,-5684,4864,0.75,-580,
CC 390 / +C 445,5.46,-94,-239,0.45,-5669,4379,0.75,-640,
CC 390 / +C 450,5.58,-157,-227,0.45,-5657,3891,0.75,-703,
CC 395 / +C 400,0.75,497,-711,0.45,-6140,8908,0.75,-50,
CC 395 / +C 405,1.55,451,-631,0.45,-6061,8487,0.75,-95,
CC 395 / +C 410,2.20,392,-566,0.45,-5996,8052,0.75,-154,
CC 395 / +C 415,2.73,345,-513,0.45,-5943,7605,0.75,-201,
CC 395 / +C 420,3.16,288,-470,0.45,-5899,7149,0.75,-258,
CC 395 / +C 425,3.51,224,-435,0.45,-5864,6684,0.75,-323,
CC 395 / +C 430,3.79,152,-407,0.45,-5836,6212,0.75,-394,
CC 395 / +C 435,4.02,75,-384,0.45,-5813,5735,0.75,-472,
CC 395 / +C 440,4.21,4,-365,0.45,-5795,5253,0.75,-542,
CC 395 / +C 445,4.36,-56,-350,0.45,-5780,4768,0.75,-602,
CC 395 / +C 450,4.48,-119,-338,0.45,-5768,4280,0.75,-665,
CC 400 / +C 405,0.62,484,-723,0.45,-6153,8895,0.75,-63,
CC 400 / +C 410,1.27,425,-658,0.45,-6088,8460,0.75,-121,
CC 400 / +C 415,1.81,378,-605,0.45,-6035,8013,0.75,-168,
CC 400 / +C 420,2.24,321,-562,0.45,-5991,7557,0.75,-225,
CC 400 / +C 425,2.59,256,-527,0.45,-5956,7092,0.75,-290,
CC 400 / +C 430,2.87,185,-499,0.45,-5928,6620,0.75,-362,
CC 400 / +C 435,3.10,108,-476,0.45,-5905,6143,0.75,-439,
CC 400 / +C 440,3.29,37,-457,0.45,-5887,5661,0.75,-509,
CC 400 / +C 445,3.44,-23,-442,0.45,-5872,5176,0.75,-570,
CC 400 / +C 450,3.56,-86,-430,0.45,-5860,4688,0.75,-633,
CC 405 / +C 410,0.51,474,-735,0.45,-6164,8884,0.75,-73,
CC 405 / +C 415,1.04,427,-681,0.45,-6111,8437,0.75,-119,
CC 405 / +C 420,1.48,370,-638,0.45,-6068,7980,0.75,-176,
CC 405 / +C 425,1.83,305,-603,0.45,-6033,7515,0.75,-241,
CC 405 / +C 430,2.11,234,-575,0.45,-6004,7044,0.75,-313,
CC 405 / +C 435,2.34,156,-552,0.45,-5981,6567,0.75,-390,
CC 405 / +C 440,2.52,86,-533,0.45,-5963,6085,0.75,-461,
CC 405 / +C 445,2.67,26,-519,0.45,-5948,5600,0.75,-521,
CC 405 / +C 450,2.79,-37,-506,0.45,-5936,5112,0.75,-584,
CC 410 / +C 415,0.42,488,-744,0.40,-6173,8875,0.80,-58,
CC 410 / +C 420,0.85,432,-701,0.45,-6130,8418,0.80,-115,
CC 410 / +C 425,1.20,367,-666,0.45,-6095,7953,0.80,-180,
CC 410 / +C 430,1.49,295,-637,0.45,-6067,7481,0.80,-251,
CC 410 / +C 435,1.71,218,-614,0.45,-6044,7004,0.80,-329,
CC 410 / +C 440,1.90,147,-596,0.45,-6025,6523,0.80,-399,
CC 410 / +C 445,2.05,87,-581,0.45,-6010,6038,0.80,-459,
CC 410 / +C 450,2.17,24,-569,0.45,-5998,5550,0.80,-522,
CC 415 / +C 420,0.34,481,-752,0.40,-6181,8867,0.80,-66,
CC 415 / +C 425,0.69,416,-717,0.45,-6146,8402,0.80,-131,
CC 415 / +C 430,0.98,344,-688,0.45,-6118,7930,0.80,-202,
CC 415 / +C 435,1.20,267,-665,0.45,-6095,7453,0.80,-280,
CC 415 / +C 440,1.39,196,-647,0.45,-6076,6972,0.80,-350,
CC 415 / +C 445,1.54,136,-632,0.45,-6062,6486,0.80,-410,
CC 415 / +C 450,1.66,73,-620,0.45,-6049,5999,0.80,-473,
CC 420 / +C 425,0.28,474,-758,0.40,-6188,8860,0.80,-72,
CC 420 / +C 430,0.56,402,-730,0.45,-6159,8389,0.80,-144,
CC 420 / +C 435,0.79,325,-707,0.45,-6136,7912,0.80,-221,
CC 420 / +C 440,0.97,255,-689,0.45,-6118,7430,0.80,-292,
CC 420 / +C 445,1.12,194,-674,0.45,-6103,6945,0.80,-352,
CC 420 / +C 450,1.24,132,-662,0.45,-6091,6457,0.80,-415,
+C 375 / -C 385,-3.82,517,-1168,0.40,-6598,9950,0.35,-29,
+C 375 / -C 390,-5.14,555,-1300,0.40,-6730,10318,0.35,9,
+C 375 / -C 395,-6.25,593,-1411,0.40,-6840,10708,0.35,47,
+C 375 / -C 400,-7.17,626,-1503,0.35,-6933,11115,0.35,79,
+C 375 / -C 405,-7.93,675,-1579,0.35,-7009,11539,0.35,128,
+C 375 / -C 410,-8.56,736,-1642,0.35,-7071,11977,0.35,190,
+C 375 / -C 415,-9.07,785,-1693,0.35,-7122,12426,0.35,239,
+C 375 / -C 420,-9.49,843,-1734,0.35,-7164,12884,0.35,297,
+C 375 / -C 425,-9.82,910,-1768,0.35,-7198,13350,0.35,363,
+C 375 / -C 430,-10.09,983,-1795,0.35,-7225,13823,0.35,436,
+C 375 / -C 435,-10.31,1061,-1817,0.35,-7247,14301,0.35,514,
+C 375 / -C 440,-10.49,1132,-1835,0.35,-7265,14783,0.35,586,
+C 375 / -C 445,-10.64,1193,-1849,0.35,-7279,15269,0.35,646,
+C 375 / -C 450,-10.75,1256,-1861,0.35,-7290,15758,0.35,710,
+C 375 / -C 455,-10.84,1322,-1870,0.35,-7300,16248,0.35,775,
+C 380 / -C 390,-3.25,567,-1111,0.40,-6540,10008,0.35,20,
+C 380 / -C 395,-4.36,604,-1221,0.40,-6651,10397,0.35,58,
+C 380 / -C 400,-5.28,637,-1314,0.40,-6743,10805,0.35,91,
+C 380 / -C 405,-6.04,686,-1390,0.40,-6819,11229,0.35,140,
+C 380 / -C 410,-6.66,748,-1452,0.35,-6882,11666,0.35,201,
+C 380 / -C 415,-7.17,797,-1503,0.35,-6933,12115,0.35,250,
+C 380 / -C 420,-7.59,855,-1545,0.35,-6974,12574,0.35,309,
+C 380 / -C 425,-7.93,921,-1578,0.35,-7008,13040,0.35,375,
+C 380 / -C 430,-8.20,994,-1606,0.35,-7035,13513,0.35,448,
+C 380 / -C 435,-8.42,1072,-1628,0.35,-7057,13991,0.35,526,
+C 380 / -C 440,-8.60,1144,-1645,0.35,-7075,14473,0.35,597,
+C 380 / -C 445,-8.74,1204,-1660,0.35,-7089,14959,0.35,658,
+C 380 / -C 450,-8.85,1268,-1671,0.35,-7101,15447,0.35,721,
+C 380 / -C 455,-8.95,1333,-1681,0.35,-7110,15938,0.35,787,
+C 385 / -C 395,-2.73,592,-1059,0.40,-6489,10059,0.35,45,
+C 385 / -C 400,-3.65,625,-1151,0.40,-6581,10467,0.35,78,
+C 385 / -C 405,-4.42,673,-1227,0.40,-6657,10891,0.30,127,
+C 385 / -C 410,-5.04,735,-1290,0.40,-6719,11329,0.30,188,
+C 385 / -C 415,-5.55,784,-1341,0.40,-6770,11778,0.30,237,
+C 385 / -C 420,-5.97,842,-1383,0.40,-6812,12236,0.30,296,
+C 385 / -C 425,-6.30,909,-1416,0.35,-6846,12702,0.30,362,
+C 385 / -C 430,-6.58,981,-1443,0.35,-6873,13175,0.30,435,
+C 385 / -C 435,-6.80,1059,-1465,0.35,-6895,13653,0.30,513,
+C 385 / -C 440,-6.97,1131,-1483,0.35,-6913,14135,0.30,584,
+C 385 / -C 445,-7.12,1191,-1498,0.35,-6927,14621,0.30,645,
+C 385 / -C 450,-7.23,1255,-1509,0.35,-6939,15109,0.30,709,
+C 385 / -C 455,-7.33,1321,-1518,0.35,-6948,15600,0.30,774,
+C 390 / -C 400,-2.28,592,-1014,0.40,-6443,10105,0.30,46,
+C 390 / -C 405,-3.04,641,-1090,0.40,-6520,10528,0.30,95,
+C 390 / -C 410,-3.67,702,-1153,0.40,-6582,10966,0.30,156,
+C 390 / -C 415,-4.18,751,-1204,0.40,-6633,11415,0.30,205,
+C 390 / -C 420,-4.59,810,-1245,0.40,-6675,11873,0.30,263,
+C 390 / -C 425,-4.93,876,-1279,0.40,-6708,12340,0.25,330,
+C 390 / -C 430,-5.20,949,-1306,0.40,-6735,12812,0.25,402,
+C 390 / -C 435,-5.42,1027,-1328,0.40,-6757,13290,0.25,480,
+C 390 / -C 440,-5.60,1098,-1346,0.40,-6775,13773,0.25,552,
+C 390 / -C 445,-5.74,1159,-1360,0.40,-6790,14258,0.25,613,
+C 390 / -C 450,-5.86,1222,-1372,0.40,-6801,14747,0.25,676,
+C 390 / -C 455,-5.95,1288,-1381,0.40,-6811,15237,0.25,742,
+C 395 / -C 405,-1.89,607,-975,0.40,-6404,10144,0.25,61,
+C 395 / -C 410,-2.51,669,-1037,0.40,-6467,10581,0.25,122,
+C 395 / -C 415,-3.02,718,-1088,0.40,-6518,11030,0.25,171,
+C 395 / -C 420,-3.44,776,-1130,0.40,-6559,11489,0.25,230,
+C 395 / -C 425,-3.78,843,-1164,0.40,-6593,11955,0.25,296,
+C 395 / -C 430,-4.05,915,-1191,0.40,-6620,12428,0.25,369,
+C 395 / -C 435,-4.27,993,-1213,0.40,-6642,12906,0.25,447,
+C 395 / -C 440,-4.45,1065,-1231,0.40,-6660,13388,0.25,518,
+C 395 / -C 445,-4.59,1126,-1245,0.40,-6674,13874,0.25,579,
+C 395 / -C 450,-4.71,1189,-1256,0.40,-6686,14362,0.25,643,
+C 395 / -C 455,-4.80,1255,-1266,0.40,-6695,14853,0.25,708,
+C 400 / -C 410,-1.55,640,-941,0.40,-6371,10177,0.25,93,
+C 400 / -C 415,-2.07,689,-992,0.40,-6422,10626,0.25,142,
+C 400 / -C 420,-2.48,747,-1034,0.40,-6463,11085,0.25,201,
+C 400 / -C 425,-2.82,814,-1068,0.40,-6497,11551,0.25,267,
+C 400 / -C 430,-3.09,886,-1095,0.40,-6524,12024,0.25,340,
+C 400 / -C 435,-3.31,964,-1117,0.40,-6546,12502,0.25,418,
+C 400 / -C 440,-3.49,1036,-1135,0.40,-6564,12984,0.25,489,
+C 400 / -C 445,-3.63,1096,-1149,0.40,-6578,13470,0.25,550,
+C 400 / -C 450,-3.75,1160,-1161,0.40,-6590,13958,0.25,613,
+C 400 / -C 455,-3.84,1225,-1170,0.40,-6599,14449,0.25,679,
-P 330 / +C 375,-8.80,1392,-1665,0.35,-9353,17243,0.35,845,naked short put: margin/assignment risk
-P 330 / +C 380,-6.90,1403,-1476,0.35,-9164,16932,0.35,857,naked short put: margin/assignment risk
-P 330 / +C 385,-5.28,1391,-1314,0.40,-9001,16595,0.30,844,naked short put: margin/assignment risk
-P 330 / +C 390,-3.90,1358,-1176,0.40,-8864,16232,0.30,812,naked short put: margin/assignment risk
-P 330 / +C 395,-2.75,1325,-1061,0.40,-8749,15847,0.25,778,naked short put: margin/assignment risk
-P 330 / +C 400,-1.79,1296,-965,0.40,-8653,15443,0.25,749,naked short put: margin/assignment risk
-P 330 / +C 405,-1.00,1250,-886,0.40,-8573,15023,0.25,703,naked short put: margin/assignment risk
-P 330 / +C 410,-0.35,1191,-821,0.40,-8508,14588,0.20,645,naked short put: margin/assignment risk
-P 330 / +C 415,0.18,1144,-767,0.40,-8455,14141,0.80,598,naked short put: margin/assignment risk
-P 330 / +C 420,0.62,1087,-724,0.45,-8412,13684,0.80,541,naked short put: margin/assignment risk
-P 335 / +C 375,-8.16,1336,-1601,0.35,-9789,17307,0.35,789,naked short put: margin/assignment risk
-P 335 / +C 380,-6.26,1347,-1412,0.35,-9600,16996,0.35,801,naked short put: margin/assignment risk
-P 335 / +C 385,-4.64,1335,-1250,0.40,-9437,16659,0.30,788,naked short put: margin/assignment risk
-P 335 / +C 390,-3.26,1302,-1112,0.40,-9300,16296,0.30,756,naked short put: margin/assignment risk
-P 335 / +C 395,-2.11,1269,-997,0.40,-9185,15911,0.25,722,naked short put: margin/assignment risk
-P 335 / +C 400,-1.15,1240,-901,0.40,-9089,15507,0.25,693,naked short put: margin/assignment risk
-P 335 / +C 405,-0.36,1194,-822,0.40,-9009,15087,0.25,648,naked short put: margin/assignment risk
-P 335 / +C 410,0.29,1135,-757,0.40,-8944,14652,0.75,589,naked short put: margin/assignment risk
-P 335 / +C 415,0.82,1088,-704,0.45,-8891,14205,0.75,542,naked short put: margin/assignment risk
-P 335 / +C 420,1.26,1031,-660,0.45,-8848,13748,0.75,485,naked short put: margin/assignment risk
-P 340 / +C 375,-7.37,1290,-1523,0.35,-10210,17386,0.35,743,naked short put: margin/assignment risk
-P 340 / +C 380,-5.47,1301,-1333,0.40,-10021,17075,0.35,755,naked short put: margin/assignment risk
-P 340 / +C 385,-3.85,1289,-1171,0.40,-9858,16738,0.35,742,naked short put: margin/assignment risk
-P 340 / +C 390,-2.47,1256,-1033,0.40,-9721,16375,0.30,710,naked short put: margin/assignment risk
-P 340 / +C 395,-1.32,1223,-918,0.40,-9606,15990,0.25,676,naked short put: margin/assignment risk
-P 340 / +C 400,-0.36,1194,-822,0.40,-9510,15586,0.25,647,naked short put: margin/assignment risk
-P 340 / +C 405,0.43,1148,-743,0.45,-9431,15165,0.75,601,naked short put: margin/assignment risk
-P 340 / +C 410,1.08,1089,-678,0.45,-9365,14730,0.75,543,naked short put: margin/assignment risk
-P 340 / +C 415,1.61,1042,-625,0.45,-9312,14284,0.75,496,naked short put: margin/assignment risk
-P 340 / +C 420,2.05,985,-581,0.45,-9269,13827,0.75,439,naked short put: margin/assignment risk
-P 345 / +C 375,-6.40,1239,-1426,0.40,-10614,17482,0.35,693,naked short put: margin/assignment risk
-P 345 / +C 380,-4.51,1251,-1236,0.40,-10424,17172,0.35,704,naked short put: margin/assignment risk
-P 345 / +C 385,-2.88,1238,-1074,0.40,-10262,16834,0.35,692,naked short put: margin/assignment risk
-P 345 / +C 390,-1.51,1205,-937,0.40,-10125,16471,0.30,659,naked short put: margin/assignment risk
-P 345 / +C 395,-0.36,1172,-822,0.40,-10009,16087,0.25,626,naked short put: margin/assignment risk
-P 345 / +C 400,0.60,1143,-726,0.45,-9913,15683,0.70,597,naked short put: margin/assignment risk
-P 345 / +C 405,1.40,1097,-646,0.45,-9834,15262,0.70,551,naked short put: margin/assignment risk
-P 345 / +C 410,2.05,1038,-581,0.45,-9769,14827,0.70,492,naked short put: margin/assignment risk
-P 345 / +C 415,2.58,991,-528,0.45,-9716,14380,0.70,445,naked short put: margin/assignment risk
-P 345 / +C 420,3.01,935,-485,0.45,-9673,13923,0.70,388,naked short put: margin/assignment risk
-P 350 / +C 375,-5.24,1206,-1309,0.40,-10997,17599,0.35,659,naked short put: margin/assignment risk
-P 350 / +C 380,-3.34,1217,-1120,0.40,-10808,17288,0.35,671,naked short put: margin/assignment risk
-P 350 / +C 385,-1.72,1205,-958,0.40,-10645,16951,0.35,658,naked short put: margin/assignment risk
-P 350 / +C 390,-0.34,1172,-820,0.40,-10508,16588,0.30,626,naked short put: margin/assignment risk
-P 350 / +C 395,0.81,1139,-705,0.45,-10393,16203,0.70,592,naked short put: margin/assignment risk
-P 350 / +C 400,1.77,1109,-609,0.45,-10297,15799,0.70,563,naked short put: margin/assignment risk
-P 350 / +C 405,2.56,1064,-530,0.45,-10217,15378,0.70,517,naked short put: margin/assignment risk
-P 350 / +C 410,3.21,1005,-465,0.45,-10152,14944,0.70,459,naked short put: margin/assignment risk
-P 350 / +C 415,3.74,958,-412,0.45,-10099,14497,0.70,412,naked short put: margin/assignment risk
-P 350 / +C 420,4.18,901,-368,0.45,-10056,14040,0.70,355,naked short put: margin/assignment risk
-P 355 / +C 375,-3.84,1179,-1170,0.40,-11358,17738,0.35,632,naked short put: margin/assignment risk
-P 355 / +C 380,-1.95,1190,-980,0.40,-11168,17428,0.35,644,naked short put: margin/assignment risk
-P 355 / +C 385,-0.32,1178,-818,0.40,-11006,17090,0.35,631,naked short put: margin/assignment risk
-P 355 / +C 390,1.05,1145,-681,0.45,-10869,16727,0.65,599,naked short put: margin/assignment risk
-P 355 / +C 395,2.20,1112,-565,0.45,-10753,16343,0.65,565,naked short put: margin/assignment risk
-P 355 / +C 400,3.16,1082,-470,0.45,-10657,15939,0.65,536,naked short put: margin/assignment risk
-P 355 / +C 405,3.96,1037,-390,0.45,-10578,15518,0.70,490,naked short put: margin/assignment risk
-P 355 / +C 410,4.61,978,-325,0.45,-10513,15083,0.70,432,naked short put: margin/assignment risk
-P 355 / +C 415,5.14,931,-272,0.45,-10460,14636,0.70,385,naked short put: margin/assignment risk
-P 355 / +C 420,5.57,874,-229,0.45,-10417,14179,0.70,328,naked short put: margin/assignment risk
-P 360 / +C 375,-2.19,1168,-1005,0.40,-11693,17903,0.35,621,naked short put: margin/assignment risk
-P 360 / +C 380,-0.30,1179,-816,0.40,-11503,17593,0.35,633,naked short put: margin/assignment risk
-P 360 / +C 385,1.32,1166,-653,0.45,-11341,17255,0.65,620,naked short put: margin/assignment risk
-P 360 / +C 390,2.70,1134,-516,0.45,-11204,16892,0.65,587,naked short put: margin/assignment risk
-P 360 / +C 395,3.85,1100,-401,0.45,-11088,16507,0.65,554,naked short put: margin/assignment risk
-P 360 / +C 400,4.81,1071,-305,0.45,-10993,16103,0.65,525,naked short put: margin/assignment risk
-P 360 / +C 405,5.60,1026,-226,0.45,-10913,15683,0.65,479,naked short put: margin/assignment risk
-P 360 / +C 410,6.25,967,-160,0.45,-10848,15248,0.65,420,naked short put: margin/assignment risk
-P 360 / +C 415,6.79,920,-107,0.45,-10795,14801,0.65,373,naked short put: margin/assignment risk
-P 360 / +C 420,7.22,863,-64,0.45,-10752,14344,0.65,317,naked short put: margin/assignment risk
-P 365 / +C 375,-0.27,1102,-1142,0.40,-12001,18095,0.40,555,naked short put: margin/assignment risk
-P 365 / +C 380,1.62,1113,-952,0.45,-11811,17785,0.45,567,naked short put: margin/assignment risk
-P 365 / +C 385,3.25,1101,-790,0.45,-11649,17447,0.50,554,naked short put: margin/assignment risk
-P 365 / +C 390,4.62,1068,-653,0.45,-11512,17084,0.55,522,naked short put: margin/assignment risk
-P 365 / +C 395,5.77,1035,-537,0.45,-11396,16700,0.65,488,naked short put: margin/assignment risk
-P 365 / +C 400,6.73,1006,-442,0.45,-11300,16296,0.65,459,naked short put: margin/assignment risk
-P 365 / +C 405,7.53,960,-362,0.45,-11221,15875,0.65,413,naked short put: margin/assignment risk
-P 365 / +C 410,8.18,901,-297,0.45,-11156,15440,0.65,355,naked short put: margin/assignment risk
-P 365 / +C 415,8.71,854,-244,0.45,-11103,14993,0.65,308,naked short put: margin/assignment risk
-P 365 / +C 420,9.14,797,-201,0.45,-11060,14536,0.65,251,naked short put: margin/assignment risk
