date,open,high,low,close,volume
2021-05-14,194.469806,197.623136,190.153143,196.579803,100112668
2021-05-17,191.850841,196.57647,187.06648,192.276474,97171177
2021-05-18,189.333144,198.749801,187.793146,192.623141,110491811
2021-05-19,184.183149,188.736478,182.326484,187.819812,118735302.99999999
2021-05-20,191.666475,196.283137,190.356476,195.593138,92463449
2021-05-21,198.703135,198.893134,193.33314,193.626473,78091863
2021-05-24,193.866473,204.826462,191.216475,202.146465,103674369.99999999
2021-05-25,202.436464,204.663129,198.569801,201.563132,84017883
2021-05-26,202.519797,208.723125,200.4998,206.37646,85918000
2021-05-27,206.74646,210.376456,205.403128,210.283123,79111858
2021-05-28,209.499791,211.863121,207.459793,208.406458,68211182
2021-06-01,209.266457,211.266455,206.849793,207.966459,54254724
2021-06-02,206.709793,207.786459,199.713134,201.706465,69908406
2021-06-03,200.599799,201.516465,190.406476,190.946476,90335769
2021-06-04,193.236473,200.203133,192.399808,199.683134,72110760
2021-06-07,197.274803,203.33313,194.293139,201.709798,67631113
2021-06-08,207.669792,207.696459,198.499802,201.196465,78160293
2021-06-09,200.723133,203.929796,199.209834,199.593134,49753747
2021-06-10,201.293132,205.529794,200.166466,203.37313,71758889
2021-06-11,203.409797,204.186462,200.506466,203.296463,48615957
2021-06-14,204.076463,208.496458,203.059797,205.896461,61272009.99999999
2021-06-15,205.563128,205.596461,199.409801,199.786467,53292487.99999999
2021-06-16,199.178134,202.83313,197.833136,201.623132,66432446.99999999
2021-06-17,200.629066,207.15646,200.446466,205.533128,68104118
2021-06-18,204.456462,209.449791,203.933129,207.769792,73682788
2021-06-21,208.159792,210.463123,202.959797,206.943126,74438297
2021-06-22,206.083127,209.52289,205.166462,207.903125,57476733
2021-06-23,210.666456,219.067781,210.013123,218.856448,93297777
2021-06-24,224.996442,232.539767,222.536444,226.60644,137947295
2021-06-25,229.85977,231.269769,222.899777,223.956443,97490218
2021-06-28,223.879776,231.566402,223.439777,229.573104,64884541
2021-06-29,228.216438,229.169737,225.296441,226.919773,52143991
2021-06-30,226.589773,230.936436,226.046441,226.56644,56774642
2021-07-01,227.973105,229.329771,224.266442,225.973107,55903621
2021-07-02,226.32644,233.3331,224.419776,226.299774,81292203
2021-07-06,227.236939,227.999772,217.133183,219.85978,69853419
2021-07-07,221.423112,221.899778,212.773121,214.883118,56375936
2021-07-08,209.456457,218.143115,206.819793,217.603116,68320016
2021-07-09,217.728116,219.636447,214.896452,218.983114,54421698.00000001
2021-07-12,220.733113,229.079771,220.720113,228.566438,77781203
2021-07-13,228.773105,231.093102,222.098378,222.846444,62898338.00000001
2021-07-14,223.58311,226.203074,217.613116,217.793116,64923633.99999999
2021-07-15,219.463114,222.046445,212.626454,216.86645,60628773.00000001
2021-07-16,218.226448,218.899748,214.066453,214.739785,49112959
2021-07-19,209.963123,215.733084,207.09646,215.406451,63891333
2021-07-20,217.329783,220.796979,213.50012,220.166446,46461427
2021-07-21,219.86978,221.619745,216.76315,218.429782,41860055
2021-07-22,218.814048,220.723113,214.866485,216.419784,45317226
2021-07-23,215.453118,216.26645,212.433154,214.459786,43814875
2021-07-26,216.989783,222.733077,215.703118,219.206447,76009744
2021-07-27,221.133112,222.166444,209.079791,214.926452,98439968
2021-07-28,215.664784,218.323082,213.133154,215.659784,48019836
2021-07-29,216.59645,227.896439,216.26645,225.783108,91184002
2021-07-30,223.919109,232.509767,222.999777,229.066438,88969321
2021-08-02,233.3331,242.313091,232.799767,236.55643,100847395
2021-08-03,239.666427,240.883092,233.669766,236.579763,64860823
2021-08-04,236.999763,241.633092,236.309764,236.973096,51007992
2021-08-05,238.666428,240.316393,237.13643,238.209762,38758949
2021-08-06,237.299763,238.776428,232.543101,233.0331,46869193
2021-08-09,236.723097,239.676427,235.043098,237.919762,44146091
2021-08-10,237.996429,238.863094,233.959766,236.663097,40296955
2021-08-11,237.569762,238.393095,234.736432,235.939764,29401703
2021-08-12,235.446431,240.933092,233.1331,240.749759,53045111
2021-08-13,241.236425,243.299757,238.113095,239.056428,50194451
2021-08-16,235.023098,236.499763,225.466441,228.723105,69309978
2021-08-17,224.219776,224.859775,216.279784,221.903111,71163908
2021-08-18,223.249077,231.923101,223.116444,229.663104,61048185.99999999
2021-08-19,226.069774,228.849771,222.529777,224.489776,42940500
2021-08-20,227.616439,230.709736,224.566442,226.753107,44525639
2021-08-23,228.480438,237.376396,226.916606,235.433098,60794636.99999999
2021-08-24,236.893096,238.406428,234.213099,236.163097,39249252
2021-08-25,235.676431,238.989761,234.666432,237.06643,37936723
2021-08-26,236.103097,238.466428,232.539801,233.719766,39642915
2021-08-27,234.999765,238.333095,234.033133,237.306429,41501330
2021-08-30,238.238095,243.666423,237.576429,243.636423,55812715.00000001
2021-08-31,244.333089,246.79642,242.146425,245.239755,62566370.00000001
2021-09-01,244.693089,247.329753,243.756456,244.696422,39613044
2021-09-02,244.833088,246.989753,243.51309,244.129756,38390255
2021-09-03,244.082889,244.666422,241.399759,244.523089,45813180
2021-09-07,246.66642,253.399747,246.419754,250.973082,60119535
2021-09-08,253.859746,254.816412,246.924186,251.289749,56379164
2021-09-09,251.136416,254.033079,250.543116,251.619748,42233235
2021-09-10,253.199747,254.203079,244.839788,245.423088,45552555
2021-09-13,246.737853,248.259752,236.283097,247.666419,68857514
2021-09-14,247.523086,251.489749,245.466421,248.163085,55574698.00000001
2021-09-15,248.333085,252.286414,246.119754,251.943081,46073101
2021-09-16,250.943082,252.969747,249.203084,252.329748,41770220
2021-09-17,252.383081,253.679746,249.99975,253.16308,84612612
2021-09-20,244.852322,247.333086,239.541394,243.389757,74273030
2021-09-21,244.929755,248.246385,243.479757,246.459754,48992217
2021-09-22,247.841852,251.223049,246.373087,250.646416,45378861
2021-09-23,251.666415,252.733081,249.306417,251.213082,35842616
2021-09-24,248.629751,258.266408,248.186418,258.129742,64119130
2021-09-27,257.706409,266.333067,256.43641,263.786403,84212055
2021-09-28,262.399738,265.213068,255.393111,259.186407,76144342
2021-09-29,259.933073,264.499736,256.893076,260.436406,62828693
2021-09-30,260.333073,263.043237,258.333075,258.493075,53867936
2021-10-01,259.466407,260.25974,254.529745,258.406408,51094293
2021-10-04,265.499735,268.989698,258.706408,260.509739,91450114
2021-10-05,261.598472,265.769734,258.066409,260.196406,55297930
2021-10-06,258.733075,262.219738,257.739742,260.916406,43898347
2021-10-07,261.819738,268.333065,261.126406,264.536402,57587402.99999999
2021-10-08,265.403068,265.459735,260.303073,261.829738,50215862
2021-10-11,262.549737,267.079733,261.833071,263.979736,42601008
2021-10-12,266.9764,270.773063,265.523068,268.573065,66060186
2021-10-13,270.156397,271.803062,268.593065,270.35973,42360267
2021-10-14,271.829728,273.416393,271.116429,272.773061,36741546
2021-10-15,274.579192,281.069719,274.116393,281.009719,56773757
2021-10-18,283.929716,291.753042,283.82305,290.036377,72621804
2021-10-19,292.509707,292.649707,287.503046,288.089712,52143436
2021-10-20,288.449712,289.82971,285.793048,288.599711,42096198
2021-10-21,285.333048,299.9997,285.167915,297.999702,94444456
2021-10-22,298.499701,303.33303,296.98637,303.226363,68642573
2021-10-25,316.843016,348.339652,314.733019,341.619658,188556485
2021-10-26,341.562992,364.979635,333.813,339.476327,187245091
2021-10-27,346.552987,356.959643,343.59299,345.952987,115579492.00000001
2021-10-28,356.101311,360.332973,351.399649,359.012974,81639600
2021-10-29,360.619639,371.736295,357.734642,371.332962,89755340
2021-11-01,381.666285,403.249597,372.886294,402.86293,168146316
2021-11-02,386.45128,402.86293,381.999618,390.666276,128213518.99999999
2021-11-03,392.442941,405.129595,384.206282,404.619595,103885659.99999999
2021-11-04,411.469589,414.496252,405.666261,409.96959,76192306
2021-11-05,409.332924,413.289587,402.666264,407.362926,64886499.99999999
2021-11-08,383.261283,398.999601,377.666289,387.646279,100337245
2021-11-09,391.199609,391.499608,337.172996,341.166326,177317685
2021-11-10,336.802997,359.366307,329.103004,355.982977,128408294
2021-11-11,367.589632,368.322965,351.559648,354.502979,67189771
2021-11-12,349.166318,351.499649,339.732994,344.472989,76719520
2021-11-15,339.209661,343.992989,326.199674,337.796329,104327050.99999999
2021-11-16,334.436332,352.399614,334.059666,351.576315,79627156
2021-11-17,354.502979,373.21296,351.832981,363.00297,94336189
2021-11-18,368.849631,370.666296,358.339642,365.459635,62696852
2021-11-19,366.289634,379.57292,364.232969,379.019621,64926837.99999999
2021-11-22,387.442946,400.649599,377.476289,385.622948,99217626
2021-11-23,389.169611,393.499573,354.232979,369.676297,108515208
2021-11-24,360.12964,377.589622,353.999646,371.999628,67680781
2021-11-26,366.489634,369.593864,360.332973,360.639639,35042705
2021-11-29,366.9963,380.889619,366.729633,378.996288,58393459
2021-11-30,381.456285,389.332944,372.666294,381.586285,81276195
2021-12-01,386.897946,390.946242,363.586303,364.999635,68804162
2021-12-02,366.352967,370.999629,352.216314,361.532972,73114942
2021-12-03,361.596305,363.524736,333.403,338.322995,92322077
2021-12-06,333.836333,340.546326,316.833017,336.33633,81663192
2021-12-07,348.066319,352.557614,342.269658,350.582983,56084627
2021-12-08,350.902982,357.459643,344.333022,356.319644,41906411
2021-12-09,353.546313,354.162979,334.119666,334.599665,59438555
2021-12-10,336.249664,340.326226,327.509672,339.009661,59664425
2021-12-13,333.696333,334.999665,317.139683,322.136345,78595584
2021-12-14,314.999685,322.136345,309.99969,319.503014,70806340
2021-12-15,317.736349,326.24964,309.416391,325.329675,75169305
2021-12-16,331.499669,331.659668,307.283026,308.973024,82771531
2021-12-17,304.923028,320.219646,303.013064,310.856356,100880362
2021-12-20,303.566363,307.229159,297.796369,299.9797,56480069
2021-12-21,305.623028,313.166353,295.373038,312.84302,71517986
2021-12-22,321.886345,338.552961,319.016348,336.289664,93634179
2021-12-23,335.599664,357.658542,332.519667,355.666311,92713379
2021-12-27,357.889642,372.332961,356.90471,364.646302,71145890
2021-12-28,369.82963,372.999594,359.472974,362.822971,60323967
2021-12-29,366.212967,367.999632,354.712979,362.062971,56154101
2021-12-30,353.776313,365.182968,351.049649,356.779643,47040986
2021-12-31,357.814442,360.666273,351.529648,352.259648,40733665
2022-01-03,382.582951,400.356266,378.679621,399.926267,104686151
2022-01-04,396.51627,402.666264,374.349626,383.196283,100248358
2022-01-05,382.216284,390.112943,360.33634,362.706304,80119877
2022-01-06,358.999641,362.666304,340.166326,354.899645,90336564
2022-01-07,360.122973,360.309606,336.66633,342.319658,84164832
2022-01-10,333.333,353.03298,326.66634,352.706314,91814968
2022-01-11,351.222982,358.616308,346.272987,354.799645,66063275.99999999
2022-01-12,359.616307,371.612962,357.529676,368.739631,83739098
2022-01-13,369.687964,371.866295,342.179358,343.852989,97209889
2022-01-14,339.95966,350.666316,337.792596,349.86965,72924483
2022-01-18,342.201324,356.92961,338.686328,343.50299,66989475
2022-01-19,347.234653,351.556282,331.666335,331.883001,75442563
2022-01-20,336.57633,347.219653,331.333002,332.089668,70488814
2022-01-21,332.113001,334.849665,313.499687,314.633019,103416130.00000001
2022-01-24,301.586365,311.170722,283.82305,309.99969,152375294
2022-01-25,304.733029,317.08635,301.069699,306.133027,86595992
2022-01-26,317.476349,329.229671,301.999698,312.469688,104867387
2022-01-27,311.119689,311.796355,276.333057,276.36639,147109716
2022-01-28,277.186389,285.833047,264.003069,282.116385,134789084
2022-01-31,290.903042,312.663021,287.349713,312.239688,104436199.99999999
2022-02-01,311.736355,314.566352,301.666365,310.416356,73138411
2022-02-02,309.393024,310.49969,296.469704,301.886365,66793100.99999999
2022-02-03,293.999706,312.333021,293.506373,297.04637,78855636
2022-02-04,299.073034,312.166354,293.72304,307.773026,73625539
2022-02-07,307.929692,315.923017,300.902666,302.446364,60994524
2022-02-08,301.843031,308.762991,298.266368,307.333026,50729063
2022-02-09,311.666355,315.422985,306.66636,310.666356,52259596
2022-02-10,302.789697,314.603019,298.899701,301.516365,66126897
2022-02-11,303.209697,305.319695,283.566383,286.66638,79645948
2022-02-14,287.189713,299.626334,284.383049,291.919708,67756483
2022-02-15,299.9997,307.666359,297.792169,307.476359,57649599
2022-02-16,304.683029,308.809658,300.403033,307.796359,51294447
2022-02-17,304.419696,306.166327,291.366375,292.116375,55178473
2022-02-18,295.333038,295.623038,279.203054,285.659714,68501909
2022-02-22,278.043055,285.577648,267.0331,273.843059,83288285
2022-02-23,276.809723,278.432955,253.519746,254.679745,95257103
2022-02-24,233.4631,267.493066,233.3331,266.923066,135322410
2022-02-25,269.743064,273.166393,260.799906,269.956397,76067839
2022-02-28,271.669728,292.286374,271.568895,290.143043,99006966
2022-03-01,289.893043,296.62637,284.593049,288.123045,74766935
2022-03-02,290.709709,295.493038,281.423752,293.296373,74643512
2022-03-03,292.92304,295.479371,277.533089,279.763054,61623568
2022-03-04,283.03305,285.216381,275.053358,279.429721,67179928
2022-03-07,285.433048,288.713045,268.189732,268.193065,72494244
2022-03-08,265.176401,283.329717,260.723073,274.799725,80399186
2022-03-09,279.826387,286.853046,277.336389,286.323047,59184038
2022-03-10,283.816383,284.816382,270.119763,279.433054,58648702
2022-03-11,280.065387,281.267052,264.589735,265.116402,67037233
2022-03-14,260.203073,266.899733,252.013081,255.456411,71152334
2022-03-15,258.423075,268.523065,252.189748,267.296399,66841209
2022-03-16,269.666397,280.666386,267.419766,280.076387,84028905
2022-03-17,276.99639,291.666375,275.238991,290.533043,66583038
2022-03-18,291.496375,302.616364,289.129711,301.796365,100414291
2022-03-21,304.993028,314.283019,302.363031,307.053026,81981729
2022-03-22,309.99969,332.619667,307.249693,331.326335,105868662
2022-03-23,326.64634,346.899653,325.466341,333.036334,120676269
2022-03-24,336.57633,341.496325,329.59967,337.972995,68920946
2022-03-25,335.999664,340.599626,332.439701,336.879663,62031608.00000001
2022-03-28,355.032978,365.959601,351.199649,363.946303,102506181
2022-03-29,369.329631,371.589628,357.702976,366.522967,73614892
2022-03-30,363.72297,371.316295,361.332972,364.662969,59865065
2022-03-31,364.856302,367.712932,358.879974,359.199641,48992805
2022-04-01,360.382973,364.916302,355.546311,361.529638,54263277
2022-04-04,363.126304,383.30295,357.509642,381.816285,82177783
2022-04-05,378.766288,384.289616,362.432971,363.75297,80075099
2022-04-06,357.822976,359.666307,342.566324,348.586318,89348624
2022-04-07,350.796316,358.862974,340.513026,352.419648,79447138
2022-04-08,347.736319,349.479651,340.811326,341.829658,55013742.99999999
2022-04-11,326.799673,336.155697,324.879675,325.309675,59357264
2022-04-12,332.546334,340.397026,325.533041,328.983004,65976160.99999999
2022-04-13,327.024673,342.079658,324.365342,340.789659,55121266
2022-04-14,333.096334,337.569629,327.396339,328.333005,58422463
2022-04-18,329.676337,338.306328,324.469676,334.762999,51715272
2022-04-19,335.019665,344.979655,331.774668,342.716324,49847881
2022-04-20,343.33299,344.666322,325.083042,325.733008,70711396
2022-04-21,358.242975,364.072969,332.138001,336.259664,105416442
2022-04-22,338.302995,344.949655,331.333035,335.016332,69696627
2022-04-25,326.323007,336.20633,325.099675,332.673001,68341403
2022-04-26,331.809668,333.333,291.666375,292.139708,136133803
2022-04-27,299.526367,305.999694,292.453041,293.836373,76956472
2022-04-28,299.993033,299.9997,273.899726,292.503041,124948651
2022-04-29,300.749699,311.466322,289.99971,290.253043,88133083
2022-05-02,286.923046,302.119665,282.676384,300.979699,75781446
2022-05-03,301.059699,308.026359,296.19637,303.08303,63709638
2022-05-04,301.313032,318.499681,295.093038,317.539682,81643785
2022-05-05,313.069687,315.199685,285.899714,291.093042,92519285
2022-05-06,295.666371,295.999704,281.034719,288.549711,72903183
2022-05-09,278.816388,281.876385,260.383073,262.369738,90810312
2022-05-10,273.10306,275.119725,258.083075,266.679733,84401715
2022-05-11,264.999735,269.923063,242.399758,244.666422,97224556
2022-05-12,233.666433,253.219747,226.66644,242.666424,140313002
2022-05-13,257.826409,262.449704,250.521416,256.529743,92150816
2022-05-16,255.719744,256.58641,239.695927,241.456425,86098625
2022-05-17,249.119751,254.826412,242.949757,253.869746,80236190
2022-05-18,248.173085,253.499747,233.6031,236.603097,87811899
2022-05-19,235.666431,244.666422,231.369769,236.473097,90296763
2022-05-20,237.996429,240.527093,210.999789,221.299779,144973449
2022-05-23,218.339782,226.651473,212.686454,224.966442,88903726
2022-05-24,217.843115,217.973115,206.85646,209.386457,89092604
2022-05-25,207.949792,223.106444,207.669826,219.59978,92139416
2022-05-26,220.473113,239.556394,217.886449,235.909764,106003450
2022-05-27,241.083092,253.266413,240.176793,253.209747,89295071
2022-05-31,257.946409,259.59974,244.743089,252.753081,101914472
2022-06-01,251.719748,257.326409,243.639756,246.789753,77248040
2022-06-02,244.156423,264.209736,242.066425,258.333075,93473211
2022-06-03,243.224757,247.796386,233.417567,234.516432,112393849
2022-06-06,244.353089,244.866422,234.349766,238.279762,84204606
2022-06-07,233.999766,239.996427,230.093103,238.886428,72808674
2022-06-08,240.086427,249.963083,239.176427,241.866425,76210696
2022-06-09,249.339751,255.546378,239.326427,239.706427,96491403
2022-06-10,235.156432,239.49976,227.913105,232.229768,98090996
2022-06-13,223.166444,226.633107,214.683119,215.736451,102767364
2022-06-14,218.286448,226.329774,211.736455,220.889779,97988893
2022-06-15,220.916446,235.663064,218.149782,232.999767,119132054.00000001
2022-06-16,222.736444,225.166442,208.693125,213.099787,107390806.99999999
2022-06-17,213.43312,220.969179,213.196453,216.759783,92641862
2022-06-21,224.603109,243.577123,224.333109,237.03643,122793077
2022-06-22,234.503099,246.833086,233.826433,236.086431,101527361.00000001
2022-06-23,237.904762,239.316427,228.636438,235.069765,104202782.00000001
2022-06-24,237.468096,246.066421,236.086431,245.706421,95770790
2022-06-27,249.366417,252.069748,242.565291,244.919755,89178401
2022-06-28,244.483089,249.96975,232.343101,232.663101,90666591
2022-06-29,230.49977,231.173102,222.273111,228.489772,82897336
2022-06-30,224.509775,229.456437,218.863114,224.473109,94600546
2022-07-01,226.999773,230.22977,222.119811,227.263106,74460518
2022-07-05,222.999777,233.146434,216.166484,233.066434,84779196
2022-07-06,230.779769,234.563099,227.186439,231.733102,71853701
2022-07-07,233.919766,245.361421,232.209768,244.543089,81930771
2022-07-08,242.333091,254.979712,241.161192,250.763083,101854187
2022-07-11,252.103081,253.06308,233.626433,234.343099,99509319
2022-07-12,236.84643,239.773094,228.368105,233.069767,87931047
2022-07-13,225.499774,242.059725,225.033108,237.039763,97954594
2022-07-14,234.896432,238.653095,229.333104,238.313095,78557577
2022-07-15,239.99976,243.623056,236.889763,240.066427,69683088
2022-07-18,244.936422,250.516416,239.603094,240.546426,82537510
2022-07-19,244.999755,247.139753,236.97643,245.529754,80890190
2022-07-20,246.783087,250.663083,243.482757,247.499752,88864177
2022-07-21,255.106412,273.266393,254.866412,271.706395,142032319
2022-07-22,276.219724,280.786386,270.713063,272.243061,103472950
2022-07-25,272.216394,274.146393,267.399733,268.433065,64073569
2022-07-26,266.513067,267.309699,256.263077,258.859741,66820824
2022-07-27,263.809736,275.925324,261.789772,274.819725,88110076
2022-07-28,280.066387,283.299717,272.799727,280.899719,84723075
2022-07-29,280.699719,298.319702,279.099721,297.149703,95312978
2022-08-01,301.274699,311.877921,294.999705,297.276369,117043004.99999999
2022-08-02,294.003039,307.833025,292.666374,300.586366,95577563
2022-08-03,304.999695,309.54969,301.149699,307.396359,80091185
2022-08-04,310.999689,313.606353,304.999695,308.633025,72256389
2022-08-05,302.669697,304.606329,285.544381,288.169712,113173010.00000001
2022-08-08,294.999705,305.199695,289.085111,290.423043,99365373
2022-08-09,290.293043,292.396374,279.353054,283.33305,86244767
2022-08-10,297.06637,297.509702,283.369717,294.356372,94918966
2022-08-11,296.513037,298.236368,285.833047,286.629713,70155115
2022-08-12,289.414711,300.1597,285.033048,300.0297,79657366
2022-08-15,301.786365,313.13302,301.229699,309.319691,89359256
2022-08-16,311.666355,314.666352,302.88303,306.563027,88136410
2022-08-17,303.396363,309.656357,300.033033,303.996363,68766038
2022-08-18,305.999694,306.499694,301.853031,302.869697,47500583
2022-08-19,298.999701,300.3597,292.499708,296.66637,61395448
2022-08-22,291.913041,292.399708,286.29638,289.913043,55843401.99999999
2022-08-23,291.453042,298.826335,287.923045,296.453037,63985107
2022-08-24,297.563036,303.646363,296.499703,297.09637,57259773.00000001
2022-08-25,302.36,302.96,291.6,296.07,53230013
2022-08-26,297.43,302,287.47,288.09,57163947
2022-08-29,282.83,287.74,280.7,284.82,41864742
2022-08-30,287.865,288.48,272.65,277.7,50541759
2022-08-31,280.62,281.25,271.81,275.61,52107337
2022-09-01,272.575,277.58,266.15,277.16,54287024
2022-09-02,281.065,282.35,269.08,270.21,50890090
2022-09-06,272.675,275.99,265.74,274.42,55859984
2022-09-07,273.1,283.84,272.27,283.7,50028916
2022-09-08,281.3,289.5,279.76,289.26,53713124
2022-09-09,291.67,299.85,291.245,299.68,54470854
2022-09-12,300.72,305.49,300.4,304.42,48674604
2022-09-13,292.9,297.3999,290.4,292.13,68229619
2022-09-14,292.24,306,291.64,302.61,72628653
2022-09-15,301.825,309.12,300.7247,303.75,64795523
2022-09-16,299.605,303.71,295.6005,303.35,87087786
2022-09-19,300.09,309.84,297.8,309.07,60231156
2022-09-20,306.91,313.33,305.58,308.73,61642783
2022-09-21,308.29,313.8,300.63,300.8,62555656
2022-09-22,299.86,301.29,285.82,288.59,70545413
2022-09-23,283.09,284.5,272.82,275.33,63748362
2022-09-26,271.83,284.09,270.31,276.01,58076913
2022-09-27,283.84,288.67,277.51,282.94,61925185
2022-09-28,283.08,289,277.57,287.81,54664809
2022-09-29,282.76,283.65,265.78,268.21,77620642
2022-09-30,266.145,275.57,262.47,265.25,67726598
2022-10-03,254.5,255.16,241.01,242.4,98363541
2022-10-04,250.52,257.5,242.01,249.44,109578535
2022-10-05,245.01,246.6697,233.27,240.81,86982673
2022-10-06,239.44,244.58,235.35,238.13,69298437
2022-10-07,233.935,234.5715,222.02,223.07,83916800
2022-10-10,223.93,226.99,218.3582,222.96,67925018
2022-10-11,220.945,225.75,215,216.5,77013202
2022-10-12,215.33,219.2999,211.51,217.24,66860699
2022-10-13,208.3,222.99,206.22,221.72,91483045
2022-10-14,224.01,226.26,204.16,204.99,94124511
2022-10-17,210.04,221.86,209.45,219.35,79428810
2022-10-18,229.5,229.82,217.25,220.19,75891905
2022-10-19,219.8,222.93,217.78,222.04,66571479
2022-10-20,208.28,215.55,202,207.28,117798062
2022-10-21,206.415,214.66,203.8,214.44,75713754
2022-10-24,205.82,213.5,198.5863,211.25,100446765
2022-10-25,210.1,224.3498,210,222.415,96507870
2022-10-26,219.4,230.6,218.2,224.64,85327078
2022-10-27,229.77,233.81,222.85,225.09,61638824
2022-10-28,225.4,228.86,216.35,228.52,69152386
2022-10-31,226.19,229.85,221.94,227.54,61554341
2022-11-01,234.05,237.3951,227.28,227.82,62688822
2022-11-02,226.04,227.8699,214.82,214.98,63070293
2022-11-03,211.36,221.2,210.14,215.31,56538848
2022-11-04,222.6,223.8,203.08,207.47,98622212
2022-11-07,208.65,208.9,196.66,197.08,93916520
2022-11-08,194.02,195.2,186.75,191.3,128803404
2022-11-09,190.775,195.89,177.12,177.59,127062659
2022-11-10,189.9,191,180.03,190.72,132703015
2022-11-11,186,196.52,182.59,195.97,114403575
2022-11-14,192.77,195.73,186.34,190.95,92226649
2022-11-15,195.88,200.8237,192.06,194.42,91293785
2022-11-16,191.51,192.57,185.66,186.92,66567599
2022-11-17,183.96,186.16,180.9,183.17,64335970
2022-11-18,185.05,185.19,176.55,180.19,76048866
2022-11-21,175.85,176.77,167.54,167.87,92882712
2022-11-22,168.63,170.92,166.185,169.91,78452327
2022-11-23,173.57,183.62,172.5,183.2,109536709
2022-11-25,185.06,185.2,180.63,182.86,50672739
2022-11-28,179.96,188.5,179,182.92,93038148
2022-11-29,184.99,186.38,178.75,180.83,83357111
2022-11-30,182.43,194.76,180.6301,194.7,109186404
2022-12-01,197.08,198.92,191.8,194.7,80046213
2022-12-02,191.78,196.25,191.11,194.86,73645922
2022-12-05,189.44,191.27,180.55,182.45,93122667
2022-12-06,181.215,183.65,175.33,179.82,92150823
2022-12-07,175.03,179.38,172.218,174.04,84213284
2022-12-08,172.2,175.2,169.06,173.44,97624491
2022-12-09,173.84,182.5,173.36,179.05,104872336
2022-12-12,176.1,177.37,167.52,167.82,109794471
2022-12-13,174.87,175.05,156.91,160.95,175862722
2022-12-14,159.25,161.62,155.31,156.8,140682338
2022-12-15,153.44,160.9299,153.28,157.67,122334459
2022-12-16,159.635,160.99,150.04,150.23,139032175
2022-12-19,154,155.25,145.82,149.87,139390634
2022-12-20,146.05,148.47,137.66,137.8,159563267
2022-12-21,139.335,141.26,135.89,137.57,145417412
2022-12-22,136,136.63,122.26,125.35,210090250
2022-12-23,126.37,128.6173,121.02,123.15,166989688
2022-12-27,117.495,119.67,108.76,109.1,208643444
2022-12-28,110.35,116.27,108.24,112.71,221070537
2022-12-29,120.385,123.57,117.495,121.82,221923313
2022-12-30,119.95,124.48,119.75,123.18,157777339
2023-01-03,118.47,118.8,104.64,108.1,231402818
2023-01-04,109.11,114.59,107.52,113.64,180388976
2023-01-05,110.51,111.75,107.1601,110.34,157986324
2023-01-06,103,114.39,101.81,113.06,220911051
2023-01-09,118.96,123.52,117.11,119.77,190283951
2023-01-10,121.07,122.76,114.92,118.85,167642485
2023-01-11,122.09,125.95,120.51,123.22,183810771
2023-01-12,122.56,124.1311,117,123.56,169400913
2023-01-13,116.55,122.63,115.6,122.4,180714119
2023-01-17,125.695,131.7,125.02,131.49,186476985
2023-01-18,136.555,136.68,127.01,128.78,195680318
2023-01-19,127.26,129.99,124.3082,127.17,170291880
2023-01-20,128.68,133.51,127.3466,133.42,138858136
2023-01-23,135.87,145.3793,134.27,143.75,203119211
2023-01-24,143,146.5,141.1,143.89,158699056
2023-01-25,141.905,146.41,138.07,144.43,192734347
2023-01-26,159.965,161.42,154.76,160.27,234815090
2023-01-27,162.43,180.68,161.17,177.9,306590613
2023-01-30,178.05,179.77,166.5,166.66,230878807
2023-01-31,164.57,174.3,162.78,173.22,196813541
2023-02-01,173.89,183.805,169.93,181.41,213806323
2023-02-02,187.325,196.7501,182.61,188.27,217448287
2023-02-03,183.95,199,183.69,189.98,232662023
2023-02-06,193.01,198.17,189.92,194.76,186188131
2023-02-07,196.43,197.5,189.55,196.81,186010325
2023-02-08,196.1,203,194.31,201.29,180673644
2023-02-09,207.775,214,204.77,207.32,215431442
2023-02-10,202.225,206.2,192.89,196.89,204754129
2023-02-13,194.415,196.3,187.61,194.64,172475452
2023-02-14,191.94,209.82,189.44,209.25,216455708
2023-02-15,211.755,214.66,206.11,214.24,182108581
2023-02-16,210.78,217.65,201.84,202.04,229586538
2023-02-17,199.985,208.44,197.5,208.31,213738549
2023-02-21,204.99,209.71,197.22,197.37,180018588
2023-02-22,197.93,201.99,191.78,200.86,191828457
2023-02-23,203.91,205.14,196.33,202.07,146359950
2023-02-24,196.325,197.6695,192.8,196.88,142228105
2023-02-27,202.03,209.42,201.26,207.63,161028315
2023-02-28,210.59,211.23,203.75,205.71,153144912
2023-03-01,206.21,207.2,198.52,202.77,156852790
2023-03-02,186.74,193.7499,186.01,190.9,181979154
2023-03-03,194.795,200.48,192.88,197.79,154193277
2023-03-06,198.54,198.6,192.3,193.81,128100106
2023-03-07,191.38,194.2,186.1,187.71,148125790
2023-03-08,185.04,186.5,180,182,151897763
2023-03-09,180.25,185.18,172.5124,172.92,170023794
2023-03-10,175.13,178.29,168.44,173.44,191488872
2023-03-13,167.455,177.35,163.91,174.48,167790256
2023-03-14,177.31,183.8,177.1401,183.26,143717897
2023-03-15,180.8,182.34,176.03,180.45,145995583
2023-03-16,180.365,185.81,178.84,184.13,121374453
2023-03-17,184.515,186.2199,177.33,180.13,133197140
2023-03-20,178.08,186.44,176.35,183.25,129684359
2023-03-21,188.28,198,188.04,197.58,153391444
2023-03-22,199.3,200.66,190.95,191.15,150376373
2023-03-23,195.26,199.31,188.65,192.22,144193876
2023-03-24,191.65,192.36,187.15,190.41,116531584
2023-03-27,194.415,197.39,189.94,191.81,120851587
2023-03-28,192,192.35,185.43,189.19,98654635
2023-03-29,193.13,195.29,189.44,193.88,123660026
2023-03-30,195.58,197.33,194.42,195.28,110252238
2023-03-31,197.53,207.79,197.2,207.46,170222118
2023-04-03,199.91,202.6897,192.2,194.77,169545900
2023-04-04,197.32,198.7446,190.32,192.58,126463845
2023-04-05,190.515,190.68,183.76,185.52,133882493
2023-04-06,183.08,186.39,179.74,185.06,123857932
2023-04-10,179.94,185.1,176.11,184.51,142154637
2023-04-11,186.69,189.19,185.6475,186.79,115770892
2023-04-12,190.74,191.5846,180.31,180.54,150256278
2023-04-13,182.955,186.5,180.94,185.9,112932985
2023-04-14,183.95,186.28,182.01,185,96438664
2023-04-17,186.32,189.69,182.69,187.04,116662189
2023-04-18,187.15,187.69,183.5775,184.31,92067016
2023-04-19,179.1,183.5,177.65,180.59,125732687
2023-04-20,166.165,169.7,160.56,162.99,210970819
2023-04-21,164.8,166,161.3208,165.08,123538954
2023-04-24,164.65,165.65,158.61,162.55,140006559
2023-04-25,159.82,163.47,158.75,160.67,121999312
2023-04-26,160.29,160.67,153.14,153.75,153364142
2023-04-27,152.64,160.48,152.37,160.19,127015177
2023-04-28,160.9,165,157.32,164.31,122515812
2023-05-01,163.17,163.28,158.83,161.83,109015048
2023-05-02,161.88,165.49,158.93,160.31,128259744
2023-05-03,160.01,165,159.91,160.61,119727972
2023-05-04,162.71,162.95,159.65,161.2,95108492
2023-05-05,163.97,170.7899,163.51,170.06,107607259
2023-05-08,173.72,173.8,169.19,171.79,112249449
2023-05-09,168.95,169.82,166.56,169.15,88965043
2023-05-10,172.55,174.43,166.68,168.54,119840693
2023-05-11,168.7,173.57,166.79,172.08,103889930
2023-05-12,176.07,177.38,167.23,167.98,157849625
2023-05-15,167.655,169.76,164.5499,166.35,105592510
2023-05-16,165.65,169.5184,164.35,166.52,98288792
2023-05-17,168.41,174.5,167.185,173.86,125473558
2023-05-18,174.22,177.06,172.45,176.89,109520332
2023-05-19,177.17,181.95,176.31,180.14,136196668
2023-05-22,180.7,189.32,180.11,188.87,132001430
2023-05-23,186.2,192.96,185.26,185.77,156952130
2023-05-24,182.23,184.22,178.22,182.9,137605054
2023-05-25,186.54,186.78,180.58,184.47,96870719
2023-05-26,184.62,198.6,184.53,193.17,162061496
2023-05-30,200.1,204.48,197.53,201.16,128818746
2023-05-31,199.78,203.95,195.12,203.93,150711736
2023-06-01,202.59,209.8,199.37,207.52,148029931
2023-06-02,210.15,217.25,209.752,213.97,164398372
2023-06-05,217.8,221.29,214.52,217.61,151143052
2023-06-06,216.14,221.91,212.53,221.31,146911576
2023-06-07,228,230.8296,223.2,224.57,185710777
2023-06-08,224.22,235.23,223.01,234.86,164489739
2023-06-09,249.07,252.42,242.02,244.4,200242371
2023-06-12,247.94,250.97,244.59,249.83,150740523
2023-06-13,253.51,259.68,251.34,258.71,162384343
2023-06-14,260.17,261.57,250.5,256.79,170575536
2023-06-15,248.4,258.95,247.29,255.9,160171238
2023-06-16,258.92,263.6,257.2091,260.54,167915649
2023-06-20,261.5,274.75,261.12,274.45,165611217
2023-06-21,275.13,276.99,257.78,259.46,211797109
2023-06-22,250.77,265,248.25,264.61,166875944
2023-06-23,259.29,262.45,252.8,256.6,177460803
2023-06-26,250.065,258.37,240.7,241.05,179990552
2023-06-27,243.24,250.3899,240.85,250.21,164968214
2023-06-28,249.7,259.88,248.89,256.24,159770797
2023-06-29,258.03,260.74,253.61,257.5,131283360
2023-06-30,260.6,264.45,259.89,261.77,112620784
2023-07-03,276.49,284.25,275.11,279.82,119685891
2023-07-05,278.82,283.85,277.6,282.48,131530862
2023-07-06,278.09,279.97,272.88,276.54,120707419
2023-07-07,278.43,280.78,273.77,274.43,113879174
2023-07-10,276.47,277.52,265.1,269.61,119425405
2023-07-11,268.65,270.9,266.37,269.79,91972358
2023-07-12,276.325,276.52,271.46,271.99,95672139
2023-07-13,274.59,279.45,270.6,277.9,112681458
2023-07-14,277.01,285.3,276.31,281.38,120062369
2023-07-17,286.625,292.23,283.57,290.38,131569593
2023-07-18,290.15,295.26,286.01,293.34,112434713
2023-07-19,296.04,299.29,289.5201,291.26,142355353
2023-07-20,279.56,280.93,261.2,262.9,175158273
2023-07-21,268,268,255.8,260.02,161796073
2023-07-24,255.85,269.85,254.12,269.06,137005037
2023-07-25,272.38,272.9,265,265.28,112757327
2023-07-26,263.25,268.04,261.75,264.35,95856177
2023-07-27,268.31,269.13,255.3,255.71,103697263
2023-07-28,259.86,267.25,258.2312,266.44,111446026
2023-07-31,267.48,269.08,263.78,267.43,84582172
2023-08-01,266.26,266.47,260.25,261.07,83645720
2023-08-02,255.57,259.52,250.49,254.11,101752865
2023-08-03,252.04,260.49,252,259.32,97829545
2023-08-04,260.97,264.77,253.11,253.86,99539907
2023-08-07,251.45,253.6511,242.76,251.45,111097943
2023-08-08,247.45,250.92,245.01,249.7,96642183
2023-08-09,250.87,251.1,241.9,242.19,101596324
2023-08-10,245.4,251.8,243,245.34,109498608
2023-08-11,241.77,243.79,238.02,242.65,99038642
2023-08-14,235.7,240.66,233.75,239.76,98595331
2023-08-15,238.73,240.5,232.61,232.96,88197599
2023-08-16,228.02,233.97,225.38,225.6,112484520
2023-08-17,226.06,226.74,218.83,219.22,120718417
2023-08-18,214.12,217.58,212.36,215.49,136276584
2023-08-21,221.5512,232.1343,220.58,231.28,135702671
2023-08-22,240.25,240.82,229.55,233.19,130597886
2023-08-23,229.34,238.98,229.29,236.86,101077635
2023-08-24,238.66,238.92,228.1801,230.04,99777432
2023-08-25,231.31,239,230.35,238.59,106612231
2023-08-28,242.58,244.38,235.35,238.82,107673727
2023-08-29,238.58,257.48,237.77,257.18,134047603
2023-08-30,254.2,260.51,250.59,256.9,121988437
2023-08-31,255.98,261.18,255.05,258.08,108861698
2023-09-01,257.26,259.0794,242.01,245.01,132541640
2023-09-05,245,258,244.86,256.49,129469565
2023-09-06,255.135,255.39,245.06,251.92,116959759
2023-09-07,245.07,252.81,243.265,251.49,115312886
2023-09-08,251.22,256.52,246.67,248.5,118559635
2023-09-11,264.27,274.85,260.61,273.58,174667852
2023-09-12,270.76,278.39,266.6,267.48,135999866
2023-09-13,270.07,274.98,268.1,271.3,111673737
2023-09-14,271.32,276.7094,270.42,276.04,107709842
2023-09-15,277.55,278.98,271,274.39,133692313
2023-09-18,271.16,271.44,263.7601,265.28,101543305
2023-09-19,264.35,267.85,261.2,266.5,103704040
2023-09-20,267.04,273.93,262.4606,262.59,122514643
2023-09-21,257.85,260.86,254.21,255.7,119951516
2023-09-22,257.4,257.7888,244.48,244.88,127524083
2023-09-25,243.38,247.1,238.31,246.99,104636557
2023-09-26,242.98,249.55,241.6601,244.12,101993631
2023-09-27,244.262,245.33,234.58,240.5,136597184
2023-09-28,240.02,247.55,238.65,246.38,117058870
2023-09-29,250,254.77,246.35,250.22,128522729
2023-10-02,244.81,254.2799,242.62,251.6,123810402
2023-10-03,248.61,250.02,244.45,246.53,101985305
2023-10-04,248.14,261.86,247.6,261.16,129721567
2023-10-05,260,263.6,256.25,260.05,119159214
2023-10-06,253.98,261.65,250.65,260.53,118121812
2023-10-09,255.31,261.36,252.05,259.67,101377947
2023-10-10,257.75,268.94,257.65,263.62,122656030
2023-10-11,266.2,268.6,260.9,262.99,103706266
2023-10-12,262.92,265.41,256.6307,258.87,111508114
2023-10-13,258.9,259.6,250.22,251.12,102296786
2023-10-16,250.05,255.3999,248.48,253.92,88917176
2023-10-17,250.1,257.183,247.08,254.85,93562909
2023-10-18,252.7,254.63,242.08,242.68,125147846
2023-10-19,225.95,230.61,216.78,220.11,170772713
2023-10-20,217.01,218.8606,210.42,211.99,138010095
2023-10-23,210,216.98,202.51,212.08,150683368
2023-10-24,216.5,222.05,214.11,216.52,118231113
2023-10-25,215.88,220.1,212.2,212.42,107065087
2023-10-26,211.32,214.8,204.88,205.76,115112635
2023-10-27,210.6,212.41,205.77,207.3,94881173
2023-10-30,209.28,210.88,194.67,197.36,136448167
2023-10-31,196.12,202.8,194.07,200.84,118068273
2023-11-01,204.04,205.99,197.85,205.66,121661656
2023-11-02,212.97,219.2,211.45,218.51,125987621
2023-11-03,221.15,226.3701,218.4,219.96,119534790
2023-11-06,223.98,226.32,215,219.27,117335820
2023-11-07,219.98,223.12,215.72,222.18,116900130
2023-11-08,223.15,224.15,217.64,222.11,106584841
2023-11-09,219.75,220.8,206.68,209.98,142110454
2023-11-10,210.03,215.38,205.69,214.65,131310128
2023-11-13,215.6,225.4,211.6101,223.71,140447569
2023-11-14,235.03,238.135,230.72,237.41,149771642
2023-11-15,239.29,246.7,236.45,242.84,150353975
2023-11-16,239.49,240.88,230.96,233.59,136816819
2023-11-17,232,237.39,226.54,234.3,142766234
2023-11-20,234.04,237.1,231.02,235.6,116562402
2023-11-21,235.04,243.62,233.34,241.2,122288000
2023-11-22,242.04,244.01,231.4,234.21,118117078
2023-11-24,233.75,238.75,232.33,235.45,65125203
2023-11-27,236.89,238.33,232.1,236.08,112031763
2023-11-28,236.68,247,234.01,246.72,148549913
2023-11-29,249.21,252.75,242.76,244.14,135401335
2023-11-30,245.14,245.22,236.91,240.08,132353196
2023-12-01,233.14,240.19,231.9,238.83,121331709
2023-12-04,235.75,239.3733,233.2902,235.58,104099817
2023-12-05,233.87,246.66,233.7,238.72,137971115
2023-12-06,242.92,246.57,239.1709,239.37,126436179
2023-12-07,241.55,244.08,236.98,242.64,107142262
2023-12-08,240.27,245.27,239.2701,243.84,103126829
2023-12-11,242.74,243.441,237.45,239.74,97913888
2023-12-12,238.55,238.99,233.87,237.01,95328313
2023-12-13,234.19,240.3,228.2,239.29,146286348
2023-12-14,241.22,253.88,240.79,251.05,160829239
2023-12-15,251.21,254.13,248.3,253.5,135932762
2023-12-18,253.78,258.74,251.36,252.08,116416490
2023-12-19,253.48,258.3399,253.01,257.22,106737369
2023-12-20,256.41,259.84,247,247.14,125096987
2023-12-21,251.9,254.7999,248.55,254.5,109594227
2023-12-22,256.76,258.22,251.37,252.54,93370094
2023-12-26,254.49,257.97,252.91,256.61,86892382
2023-12-27,258.35,263.34,257.52,261.44,106494359
2023-12-28,263.66,265.13,252.71,253.18,113619943
2023-12-29,255.1,255.19,247.43,248.48,100891578
2024-01-02,250.08,251.25,244.41,248.42,104654163
2024-01-03,244.98,245.68,236.32,238.45,121082599
2024-01-04,239.25,242.7,237.73,237.93,102629283
2024-01-05,236.86,240.1196,234.9001,237.49,92488939
2024-01-08,236.14,241.25,235.3,240.45,85166580
2024-01-09,238.11,238.9646,232.04,234.96,96705664
2024-01-10,235.1,235.5,231.29,233.94,91628502
2024-01-11,230.57,230.93,225.37,227.22,105873612
2024-01-12,220.08,225.34,217.1501,218.89,123043812
2024-01-16,215.1,223.49,212.18,219.91,115355046
2024-01-17,214.86,215.67,212.01,215.55,103164400
2024-01-18,216.88,217.45,208.74,211.88,108595431
2024-01-19,209.99,213.19,207.56,212.19,102260343
2024-01-22,212.26,217.8,206.27,208.8,117952527
2024-01-23,211.3,215.65,207.7516,209.14,106605946
2024-01-24,211.88,212.73,206.77,207.83,123369932
2024-01-25,189.7,193,180.06,182.63,198076787
2024-01-26,185.5,186.78,182.1,183.25,107343231
2024-01-29,185.63,191.48,183.67,190.93,125013148
2024-01-30,195.33,196.3593,190.61,191.59,109982327
2024-01-31,186.995,193.97,185.8459,187.29,103221430
2024-02-01,188.5,189.88,184.28,188.86,91843275
2024-02-02,185.04,188.69,182,187.91,110612672
2024-02-05,184.26,184.68,175.01,181.06,134294447
2024-02-06,177.21,186.49,177.11,185.1,122675954
2024-02-07,188.18,189.79,182.68,187.58,111535217
2024-02-08,189,191.6171,185.58,189.56,83034043
2024-02-09,190.18,194.12,189.48,193.57,84476347
2024-02-12,192.11,194.73,187.28,188.13,95498597
2024-02-13,183.99,187.26,182.1087,184.02,86759478
2024-02-14,185.3,188.89,183.35,188.71,81202987
2024-02-15,189.16,200.88,188.8595,200.45,120831762
2024-02-16,202.06,203.17,197.4,199.95,111346705
2024-02-20,196.13,198.6,189.13,193.76,104545762
2024-02-21,193.36,199.44,191.95,194.77,103844008
2024-02-22,194,198.32,191.36,197.41,92739461
2024-02-23,195.31,197.57,191.5,191.97,78841917
2024-02-26,192.29,201.78,192,199.4,111747116
2024-02-27,204.04,205.6,198.26,199.73,108645412
2024-02-28,200.42,205.3,198.44,202.04,99806173
2024-02-29,204.18,205.28,198.4463,201.88,85906974
2024-03-01,200.52,204.52,198.5,202.64,82243119
2024-03-04,198.73,199.75,186.72,188.14,134334869
2024-03-05,183.05,184.59,177.57,180.74,119660758
2024-03-06,179.99,181.576,173.7,176.54,107920944
2024-03-07,174.35,180.04,173.7,178.65,102129004
2024-03-08,181.5,182.73,174.7,175.34,85544644
2024-03-11,175.445,182.87,174.8,177.77,85391528
2024-03-12,177.77,179.43,172.4101,177.54,87391684
2024-03-13,173.05,176.05,169.15,169.48,106524518
2024-03-14,167.77,171.17,160.51,162.5,126325696
2024-03-15,163.16,165.1845,160.76,163.57,97146832
2024-03-18,170.02,174.72,165.9,173.8,108214358
2024-03-19,172.36,172.82,167.42,171.32,77271428
2024-03-20,173,176.25,170.82,175.66,83846726
2024-03-21,176.39,178.18,171.8,172.82,73178014
2024-03-22,166.69,171.2,166.3,170.83,75580637
2024-03-25,168.76,175.24,168.73,172.63,74228615
2024-03-26,178.58,184.25,177.38,177.67,113186227
2024-03-27,181.41,181.91,176,179.83,81804043
2024-03-28,177.45,179.57,175.3,175.79,77654838
2024-04-01,176.17,176.75,170.21,175.22,81562127
2024-04-02,164.75,167.69,163.43,166.63,116650594
2024-04-03,164.02,168.82,163.28,168.38,82950141
2024-04-04,170.07,177.19,168.01,171.11,123161960
2024-04-05,169.08,170.86,160.51,164.9,143157603
2024-04-08,169.34,174.5,167.79,172.98,104423320
2024-04-09,172.91,179.22,171.92,176.88,103232675
2024-04-10,173.04,174.93,170.01,171.76,84532407
2024-04-11,172.55,175.88,168.51,174.6,94515987
2024-04-12,172.34,173.8099,170.3644,171.05,64722669
2024-04-15,170.24,170.69,161.38,161.48,100245310
2024-04-16,156.742,158.19,153.75,157.11,96999956
2024-04-17,157.64,158.33,153.78,155.45,82439718
2024-04-18,151.25,152.2,148.7,149.93,96098830
2024-04-19,148.97,150.94,146.22,147.05,87074500
2024-04-22,140.56,144.44,138.8025,142.05,107097564
2024-04-23,143.33,147.26,141.11,144.68,124545104
2024-04-24,162.84,167.97,157.51,162.13,181178020
2024-04-25,158.96,170.88,158.36,170.18,126427521
2024-04-26,168.85,172.12,166.37,168.29,109815725
2024-04-29,188.42,198.87,184.54,194.05,243869678
2024-04-30,186.98,190.95,182.8401,183.28,127031787
2024-05-01,182,185.86,179.01,179.99,92829719
2024-05-02,182.86,184.6,176.02,180.01,89148041
2024-05-03,182.1,184.78,178.42,181.19,75491539
2024-05-06,183.8,187.56,182.2,184.76,84390253
2024-05-07,182.4,183.26,177.4,177.81,75045854
2024-05-08,171.59,176.06,170.15,174.72,79969488
2024-05-09,175.01,175.62,171.37,171.97,65950292
2024-05-10,173.05,173.0599,167.75,168.47,72627178
2024-05-13,170,175.4,169,171.89,67018903
2024-05-14,174.4959,179.49,174.07,177.55,86407422
2024-05-15,179.9,180,173.11,173.99,79662993
2024-05-16,174.1,175.79,171.43,174.84,59812220
2024-05-17,173.55,179.63,172.75,177.46,77445845
2024-05-20,177.56,177.754,173.52,174.95,61727425
2024-05-21,175.51,186.875,174.71,186.6,115266512
2024-05-22,182.85,183.8,178.12,180.11,88313477
2024-05-23,181.8,181.9,173.26,173.74,71975496
2024-05-24,174.835,180.08,173.73,179.24,65584478
2024-05-28,176.4,178.25,173.16,176.75,59736620
2024-05-29,174.19,178.15,173.93,176.19,54782649
2024-05-30,178.575,182.67,175.38,178.79,77784755
2024-05-31,178.5,180.32,173.82,178.08,67314602
2024-06-03,178.13,182.6389,174.49,176.29,68568920
2024-06-04,174.775,177.755,174,174.77,60056340
2024-06-05,175.35,176.15,172.13,175,57953756
2024-06-06,174.6,179.73,172.73,177.94,69887024
2024-06-07,176.13,179.35,175.58,177.48,56244932
2024-06-10,176.06,178.57,173.17,173.79,50869682
2024-06-11,173.92,174.75,167.41,170.66,64761928
2024-06-12,171.12,180.55,169.8,177.29,90389446
2024-06-13,188.39,191.08,181.23,182.47,118984122
2024-06-14,185.8,186,176.92,178.01,82038194
2024-06-17,177.92,188.81,177,187.44,109786083
2024-06-18,186.56,187.2,182.37,184.86,68982265
2024-06-20,184.68,185.21,179.66,181.57,55893139
2024-06-21,182.3,183.95,180.69,183.01,63029482
2024-06-24,184.97,188.8,182.55,182.58,61992070
2024-06-25,184.4,187.97,182.01,187.35,63678265
2024-06-26,186.54,197.755,186.36,196.37,95737066
2024-06-27,195.17,198.72,194.05,197.42,72746521
2024-06-28,199.55,203.2,195.26,197.88,95438068
2024-07-01,201.02,213.23,200.85,209.86,135691395
2024-07-02,218.89,231.3,218.06,231.26,205047920
2024-07-03,234.56,248.35,234.25,246.39,166561471
2024-07-05,249.81,252.37,242.4601,251.52,154501152
2024-07-08,247.71,259.439,244.57,252.94,157219580
2024-07-09,251,265.61,250.3,262.33,160742516
2024-07-10,262.8,267.59,257.86,263.26,128519430
2024-07-11,263.3,271,239.65,241.03,221707273
2024-07-12,235.8,251.84,233.0912,248.23,155955773
2024-07-15,255.97,265.6,251.73,252.64,146912920
2024-07-16,255.31,258.62,245.8001,256.56,126332470
2024-07-17,252.73,258.47,246.182,248.5,115584810
2024-07-18,251.09,257.14,247.2,249.23,110869037
2024-07-19,247.79,249.44,236.83,239.2,87403903
2024-07-22,244.21,253.21,243.75,251.51,101225430
2024-07-23,253.6,255.7594,245.63,246.38,111928192
2024-07-24,225.42,225.99,214.71,215.99,167942939
2024-07-25,216.8,226,216.231,220.25,100636466
2024-07-26,221.19,222.2799,215.33,219.8,94604145
2024-07-29,224.9,234.27,224.7,232.1,129201789
2024-07-30,232.25,232.41,220,222.62,100560334
2024-07-31,227.9,234.68,226.7875,232.07,67497011
2024-08-01,227.69,231.867,214.3328,216.86,83861898
2024-08-02,214.88,216.13,205.78,207.67,82880120
2024-08-05,185.22,203.8799,182,198.88,100308836
2024-08-06,200.75,202.9,192.67,200.64,73783942
2024-08-07,200.77,203.49,191.48,191.76,71159778
2024-08-08,195.7,200.7,192.04,198.84,65033874
2024-08-09,197.05,200.88,195.11,200,58648274
2024-08-12,199.02,199.26,194.67,197.49,64044903
2024-08-13,198.47,208.49,197.06,207.83,76247387
2024-08-14,207.39,208.44,198.75,201.38,70250014
2024-08-15,205.02,215.88,204.82,214.14,89848530
2024-08-16,211.15,219.8,210.8,216.12,88765122
2024-08-19,217.07,222.98,214.09,222.72,76435222
2024-08-20,224.88,228.22,219.56,221.1,74001182
2024-08-21,222.67,224.6594,218.86,223.27,70145964
2024-08-22,223.82,224.8,210.32,210.66,79514482
2024-08-23,214.455,221.48,214.21,220.32,81525207
2024-08-26,218.75,219.09,211.01,213.21,59301187
2024-08-27,213.25,215.66,206.94,209.21,62821390
2024-08-28,209.72,211.84,202.59,205.75,64116350
2024-08-29,209.8,214.89,205.97,206.28,62308818
2024-08-30,208.63,214.5701,207.03,214.11,63370608
2024-09-03,215.26,219.9043,209.64,210.6,76714222
2024-09-04,210.59,222.22,210.57,219.41,80651767
2024-09-05,223.49,235,222.25,230.17,119355013
2024-09-06,232.6,233.6,210.51,210.73,112177004
2024-09-09,216.2,219.87,213.67,216.27,67443518
2024-09-10,220.07,226.4,218.6377,226.17,78891136
2024-09-11,224.55,228.47,216.8003,228.13,83548633
2024-09-12,224.66,231.45,223.83,229.81,72020042
2024-09-13,228,232.67,226.32,230.29,59515114
2024-09-16,229.3,229.96,223.53,226.78,54322995
2024-09-17,229.45,234.57,226.5533,227.87,66761636
2024-09-18,230.09,235.68,226.88,227.2,78010204
2024-09-19,234,244.24,232.13,243.92,102694576
2024-09-20,241.52,243.99,235.92,238.25,99879070
2024-09-23,242.61,250,241.92,250,86927194
2024-09-24,254.08,257.19,249.0501,254.27,88490999
2024-09-25,252.54,257.05,252.28,257.02,65034318
2024-09-26,260.6,261.75,251.53,254.22,67142193
2024-09-27,257.375,260.6999,254.12,260.46,70988067
2024-09-30,259.04,264.86,255.77,261.63,80873381
2024-10-01,262.67,263.98,248.53,258.02,87397613
2024-10-02,247.55,251.1585,241.5,249.02,93983930
2024-10-03,244.48,249.79,237.81,240.66,80729240
2024-10-04,246.69,250.96,244.58,250.08,86726285
2024-10-07,249,249.83,240.7,240.83,68113270
2024-10-08,243.56,246.21,240.56,244.5,56303160
2024-10-09,243.82,247.43,239.51,241.05,66289529
2024-10-10,241.81,242.7899,232.34,238.77,83087063
2024-10-11,220.13,223.34,214.38,217.8,142628874
2024-10-14,220.13,221.91,213.74,219.16,86291923
2024-10-15,220.01,224.26,217.12,219.57,62988787
2024-10-16,221.4,222.8199,218.93,221.33,49632824
2024-10-17,221.59,222.08,217.9,220.89,50791784
2024-10-18,220.71,222.28,219.23,220.7,49611867
2024-10-21,218.9,220.48,215.726,218.85,47328988
2024-10-22,217.31,218.22,215.26,217.97,43268741
2024-10-23,217.125,218.72,212.11,213.65,80938892
2024-10-24,244.68,262.1199,242.65,260.48,204491903
2024-10-25,256.01,269.49,255.32,269.19,161611931
2024-10-28,270,273.536,262.24,262.51,107653603
2024-10-29,264.51,264.98,255.51,259.52,80521751
2024-10-30,258.035,263.35,255.8201,257.55,53993576
2024-10-31,257.99,259.75,249.25,249.85,66575292
2024-11-01,252.043,254,246.63,248.98,57544757
2024-11-04,244.56,248.9,238.88,242.84,68802354
2024-11-05,247.34,255.2799,246.2101,251.44,69282505
2024-11-06,284.67,289.59,275.62,288.53,165228710
2024-11-07,288.89,299.75,285.52,296.91,117309232
2024-11-08,299.14,328.71,297.66,321.22,204782763
2024-11-11,346.3,358.64,336,350,210521625
2024-11-12,342.74,345.84,323.31,328.49,155726016
2024-11-13,335.85,344.5999,322.5,330.24,125405599
2024-11-14,327.69,329.98,310.37,311.18,120726109
2024-11-15,310.57,324.6799,309.22,320.72,114440286
2024-11-18,340.73,348.5499,330.01,338.74,126547455
2024-11-19,335.76,347.3799,332.75,346,88852452
2024-11-20,345,346.5999,334.3,342.03,66340650
2024-11-21,343.81,347.9899,335.28,339.64,58011719
2024-11-22,341.085,361.53,337.7,352.56,89140722
2024-11-25,360.14,361.93,338.2,338.59,95890899
2024-11-26,341,346.96,335.66,338.23,62295857
2024-11-27,341.8,342.55,326.59,332.89,57896439
2024-11-29,336.08,345.45,334.6501,345.16,37167621
2024-12-02,352.38,360,351.1501,357.09,77986478
2024-12-03,351.8,355.69,348.2,351.42,58267196
2024-12-04,353,358.1,348.6,357.93,50810874
2024-12-05,359.87,375.43,359.5,369.49,81403569
2024-12-06,377.42,389.49,370.8,389.22,81455834
2024-12-09,397.61,404.8,378.01,389.79,96359173
2024-12-10,392.68,409.73,390.85,400.99,97563578
2024-12-11,409.7,424.88,402.38,424.77,104287559
2024-12-12,424.84,429.3,415,418.1,87752225
2024-12-13,420,436.3,415.71,436.23,89000158
2024-12-16,441.09,463.19,436.15,463.02,114083811
2024-12-17,475.9,483.99,457.5101,479.86,131222978
2024-12-18,466.495,488.5399,427.01,440.13,149340788
2024-12-19,451.88,456.36,420.02,436.17,118566146
2024-12-20,425.505,447.08,417.64,421.06,132216176
2024-12-23,431,434.51,415.4112,430.6,72698055
2024-12-24,435.9,462.78,435.14,462.28,59551750
2024-12-26,465.16,465.3299,451.02,454.13,76651210
2024-12-27,449.52,450,426.5,431.66,82666821
2024-12-30,419.4,427,415.75,417.41,64941012
2024-12-31,423.79,427.93,402.54,403.84,76825121
2025-01-02,390.1,392.7299,373.04,379.28,109710749
2025-01-03,381.48,411.8799,379.45,410.44,95423329
2025-01-06,423.2,426.43,401.7,411.05,85516534
2025-01-07,405.83,414.33,390,394.36,75699525
2025-01-08,392.95,402.4999,387.4,394.94,73038805
2025-01-10,391.4,399.28,377.29,394.74,62287333
2025-01-13,383.21,403.79,380.07,403.31,67580494
2025-01-14,414.34,422.64,394.54,396.36,84565022
2025-01-15,409.9,429.8,405.661,428.22,81375460
2025-01-16,423.49,424,409.13,413.82,68335151
2025-01-17,421.5,439.74,419.75,426.5,94991429
2025-01-21,432.64,433.2,406.31,424.07,87320894
2025-01-22,416.81,428,414.59,415.11,60963342
2025-01-23,416.06,420.73,408.95,412.38,50690592
2025-01-24,414.45,418.88,405.78,406.58,56427149
2025-01-27,394.8,406.69,389,397.15,58125510
2025-01-28,396.91,400.59,386.5,398.09,48910676
2025-01-29,395.21,398.5899,384.48,389.1,68033648
2025-01-30,410.78,412.5,384.41,400.28,98092879
2025-01-31,401.53,419.99,401.34,404.6,83568219
2025-02-03,386.68,389.17,374.36,383.68,93732122
2025-02-04,382.63,394,381.4,392.21,57072235
2025-02-05,387.51,388.39,375.53,378.17,57614721
2025-02-06,373.03,375.4,363.18,374.32,77918230
2025-02-07,370.19,380.5459,360.34,361.62,70298258
2025-02-10,356.21,362.7,350.51,350.73,77514903
2025-02-11,345.8,349.37,325.1,328.5,118543400
2025-02-12,329.94,346.4,329.12,336.51,105382729
2025-02-13,345,358.69,342.85,355.94,89441519
2025-02-14,360.62,362,347.5,355.84,68277279
2025-02-18,355.01,359.1,350.02,354.11,51631702
2025-02-19,354,367.34,353.67,360.56,67094374
2025-02-20,361.51,362.3,348,354.4,45965354
2025-02-21,353.44,354.98,334.42,337.8,74058648
2025-02-24,338.14,342.3973,324.7,330.53,76052321
2025-02-25,327.025,328.89,297.2512,302.8,134228777
2025-02-26,303.715,309,288.04,290.8,100118276
2025-02-27,291.16,297.23,280.88,281.95,101748197
2025-02-28,279.5,293.88,273.6,292.98,115696968
2025-03-03,300.34,303.94,277.3,284.65,115551414
2025-03-04,270.93,284.35,261.8401,272.04,126706623
2025-03-05,272.92,279.55,267.71,279.1,94042913
2025-03-06,272.06,272.65,260.02,263.45,98451566
2025-03-07,259.32,266.2499,250.73,262.67,102369640
2025-03-10,252.535,253.37,220,222.15,189076948
2025-03-11,225.305,237.0649,217.02,230.58,174896415
2025-03-12,247.22,251.84,241.1,248.09,142215681
2025-03-13,248.125,248.29,232.6,240.68,114813525
2025-03-14,247.31,251.58,240.73,249.98,100242264
2025-03-17,245.055,245.4,232.8,238.01,111900565
2025-03-18,228.155,230.1,222.28,225.31,111477636
2025-03-19,231.61,241.41,229.201,235.86,111993753
2025-03-20,233.345,238,230.0501,236.26,99028270
2025-03-21,234.985,249.52,234.55,248.71,132728684
2025-03-24,258.075,278.64,256.33,278.39,169079865
2025-03-25,283.6,288.2,271.28,288.14,150361538
2025-03-26,282.66,284.9,266.51,272.06,156254441
2025-03-27,272.48,291.85,271.8216,273.13,162572146
2025-03-28,275.575,276.1,260.57,263.55,123809389
2025-03-31,249.31,260.56,243.3601,259.16,134008936
2025-04-01,263.8,277.45,259.25,268.46,146486911
2025-04-02,254.6,284.99,251.27,282.76,212787817
2025-04-03,265.29,276.3,261.51,267.28,136174291
2025-04-04,255.38,261,236,239.43,181229353
2025-04-07,223.78,252,214.25,233.29,183453776
2025-04-08,245,250.44,217.8,221.86,171603472
2025-04-09,224.69,274.69,223.88,272.2,219433373
2025-04-10,260,262.49,239.33,252.4,181722604
2025-04-11,251.84,257.74,241.3629,252.31,128948085
2025-04-14,258.36,261.8,245.93,252.35,100135241
2025-04-15,249.91,258.75,247.54,254.11,79594318
2025-04-16,247.61,251.97,233.89,241.55,112378737
2025-04-17,243.47,244.34,237.6833,241.37,83404775
2025-04-21,230.26,232.21,222.79,227.5,97768007
2025-04-22,230.96,242.79,229.8501,237.97,120858452
2025-04-23,254.86,259.4499,244.43,250.74,150381903
2025-04-24,250.5,259.54,249.2,259.51,94464195
2025-04-25,261.69,286.85,259.63,284.95,167560688
2025-04-28,288.98,294.86,272.42,285.88,151731771
2025-04-29,285.5,293.32,279.4695,292.03,108906553
2025-04-30,279.9,284.45,270.78,282.16,128961057
2025-05-01,280.01,290.8688,279.81,280.52,99658974
2025-05-02,284.9,294.78,279.81,287.21,114454683
2025-05-05,284.57,284.849,274.4,280.26,94618882
2025-05-06,273.105,277.73,271.35,275.35,76715792
2025-05-07,276.88,277.92,271,276.22,71882408
2025-05-08,279.63,289.8,279.41,284.82,97539448
2025-05-09,290.21,307.04,290,298.26,132387835
2025-05-12,321.99,322.21,311.5,318.38,112826661
2025-05-13,320,337.5894,316.8,334.07,136992574
2025-05-14,342.5,350,337,347.68,136997264
2025-05-15,340.34,346.1393,334.7153,342.82,97882596
2025-05-16,346.24,351.62,342.33,349.98,95895665
2025-05-19,336.3,343,333.37,342.09,88869853
2025-05-20,347.87,354.9899,341.63,343.82,131715548
2025-05-21,344.43,347.35,332.2,334.62,102354844
2025-05-22,331.9,347.27,331.39,341.04,97113416
2025-05-23,337.92,343.18,333.21,339.34,84654818
2025-05-27,347.35,363.79,347.32,362.89,120146414
2025-05-28,364.84,365,355.91,356.9,91404309
2025-05-29,365.29,367.71,356,358.43,88545666
2025-05-30,355.52,363.68,345.29,346.46,123474938
2025-06-02,343.5,348.02,333.33,342.69,81873829
2025-06-03,346.595,355.4,343.04,344.27,99324544
2025-06-04,345.095,345.6,327.3308,332.05,98912075
2025-06-05,322.49,324.5499,273.21,284.7,292818655
2025-06-06,298.83,305.5,291.14,295.14,164747685
2025-06-09,285.955,309.83,281.85,308.58,140908876
2025-06-10,314.94,327.83,310.667,326.09,151256520
2025-06-11,334.395,335.5,322.5,326.43,122611360
2025-06-12,323.075,332.56,316.86,319.11,105127536
2025-06-13,313.97,332.99,313.3,325.31,128964279
2025-06-16,331.29,332.05,326.41,329.13,83925858
2025-06-17,326.09,327.26,314.74,316.35,88282669
2025-06-18,317.31,329.32,315.45,322.05,95137686
2025-06-20,327.95,332.36,317.78,322.16,108688008
2025-06-23,327.54,357.54,327.48,348.68,190716815
2025-06-24,356.17,356.26,340.44,340.47,114736245
2025-06-25,342.7,343,320.4,327.55,119845050
2025-06-26,324.61,331.05,323.61,325.78,80440907
2025-06-27,324.51,329.3393,317.495,323.63,89067049
2025-06-30,319.9,325.5799,316.6,317.66,76695081
2025-07-01,298.46,305.89,293.21,300.71,145085665
2025-07-02,312.63,316.832,303.82,315.65,119483730
2025-07-03,317.99,318.45,312.76,315.35,58042302
2025-07-07,291.37,296.15,288.7701,293.94,131177949
2025-07-08,297,304.0499,294.35,297.81,103246742
2025-07-09,297.55,300.15,293.55,295.88,75586771
2025-07-10,300.05,310.48,300,309.87,104365271
2025-07-11,307.89,314.09,305.65,313.51,79236442
2025-07-14,317.73,322.5986,312.67,316.9,78043430
2025-07-15,319.675,321.2,310.5,310.78,77556346
2025-07-16,312.8,323.5,312.62,321.67,97284786
2025-07-17,323.15,324.34,317.0601,319.41,73922870
2025-07-18,321.66,330.9,321.42,329.65,94254993
2025-07-21,334.4,338,326.88,328.49,75768797
2025-07-22,329.74,335.4098,321.55,332.11,77370371
2025-07-23,330.9,336.2,328.67,332.56,92553756
2025-07-24,310,310.15,300.41,305.3,156966023
2025-07-25,308.74,323.63,308.01,316.06,148227027
2025-07-28,318.45,330.49,315.69,325.59,112673755
2025-07-29,325.55,326.25,318.25,321.2,87358861
2025-07-30,322.18,324.4499,311.6164,319.04,83931942
2025-07-31,319.605,321.37,306.1,308.27,85270919
2025-08-01,306.205,309.31,297.82,302.63,89121446
2025-08-04,309.08,312.1186,303.0001,309.26,78683905
2025-08-05,308.95,312.4499,305.5,308.72,57961278
2025-08-06,307.89,320.47,306.9345,319.91,78523579
2025-08-07,319.79,322.4,316.16,322.27,66658672
2025-08-08,321.43,335.15,320.98,329.65,91200319
2025-08-11,335,346.64,334.15,339.03,105320174
2025-08-12,345,345.26,332.94,340.84,80690111
2025-08-13,341.5,348.98,338.2,339.38,67838892
2025-08-14,335.76,340.4699,330.4,335.58,75000662
2025-08-15,337.655,339.3,327.02,330.56,74319792
2025-08-18,329.62,336.27,329.59,335.16,56956552
2025-08-19,335.79,340.55,327.85,329.31,75956002
2025-08-20,329.22,331.37,314.6,323.9,77481768
2025-08-21,322.08,324.9,318.68,320.11,55744445
2025-08-22,321.66,340.25,319.69,340.01,94016347
2025-08-25,338.9,349.53,335.03,346.6,86670037
2025-08-26,344.93,351.9,343.72,351.67,76651550
2025-08-27,351.94,355.39,349.156,349.6,65519012
2025-08-28,350.91,353.55,340.26,345.98,67903224
2025-08-29,347.23,348.7499,331.7,333.87,81145660
2025-09-02,328.23,333.33,325.6,329.36,58391952
2025-09-03,335.2,343.33,328.51,334.09,88733288
2025-09-04,336.15,338.89,331.48,338.53,60711033
2025-09-05,348,355.87,344.6801,350.84,108989785
2025-09-08,354.64,358.44,344.84,346.4,75208290
2025-09-09,348.44,350.77,343.82,346.97,53815991
2025-09-10,350.55,356.33,346.07,347.79,72121679
2025-09-11,350.17,368.99,347.6,368.81,103756010
2025-09-12,370.94,396.6899,370.24,395.94,168156391
2025-09-15,423.13,425.7,402.43,410.04,163823667
2025-09-16,414.495,423.25,411.43,421.62,104285721
2025-09-17,415.75,428.312095,409.67,425.86,106133532
2025-09-18,428.865,432.2199,416.56,416.85,90454509
2025-09-19,421.82,429.47,421.72,426.07,93131034
2025-09-22,431.11,444.98,429.13,434.21,97108777
2025-09-23,439.88,440.97,423.72,425.85,83422691
2025-09-24,429.83,444.21,429.0301,442.79,93133570
2025-09-25,435.24,435.35,419.08,423.39,96746426
2025-09-26,428.3,440.47,421.02,440.4,101628160
2025-09-29,444.35,450.98,439.5,443.21,79491510
2025-09-30,441.52,445,433.12,444.72,74357960
2025-10-01,443.8,462.29,440.75,459.46,98122285
2025-10-02,470.54,470.75,435.57,436,137008950
2025-10-03,443.285,446.77,416.575,429.83,133188180
2025-10-06,440.75,453.55,436.69,453.25,85324878
2025-10-07,447.82,452.68,432.4501,433.09,102296082
2025-10-08,437.57,441.33,425.23,438.69,71192128
2025-10-09,431.81,436.35,426.18,435.54,69339928
2025-10-10,436.54,443.13,411.45,413.49,112107870
2025-10-13,423.53,436.89,419.7,435.9,79552785
2025-10-14,426.79,434.2,417.86,429.24,72669438
2025-10-15,434.9,440.51,426.3301,435.15,71558185
2025-10-16,434.73,439.35,421.3101,428.75,77189889
2025-10-17,425.5,441.4558,423.6,439.31,89331578
2025-10-20,443.865,449.8,440.61,447.43,63718971
2025-10-21,445.755,449.3,442.05,442.6,54412169
2025-10-22,443.45,445.539,429,438.97,84023458
2025-10-23,420,449.3999,413.9,448.98,126709833
2025-10-24,446.83,451.68,430.17,433.72,94727774
2025-10-27,439.98,460.16,438.69,452.42,105867547
2025-10-28,454.775,467,451.6,460.55,80185667
2025-10-29,462.5,465.7,452.65,461.51,67983544
2025-10-30,451.05,455.0607,439.61,440.1,72447938
2025-10-31,446.75,458,443.6855,456.56,83135787
2025-11-03,455.99,474.07,453.8,468.37,84595244
2025-11-04,454.46,460.22,443.6,444.26,87756644
2025-11-05,452.05,466.3299,440.71,462.07,85573015
2025-11-06,461.96,467.45,435.09,445.91,109622907
2025-11-07,437.92,439.36,421.88,429.52,103471495
2025-11-10,439.6,449.6715,433.36,445.23,76515907
2025-11-11,439.4,442.49,432.36,439.62,60533237
2025-11-12,442.15,442.329,426.56,430.6,58513520
2025-11-13,423.13,424.5,396.34,401.99,118948032
2025-11-14,386.3,412.19,382.78,404.35,105506682
2025-11-17,398.74,423.96,398.74,408.92,102214259
2025-11-18,405.38,408.9,393.71,401.25,80688637
2025-11-19,406.18,411.78,398.5,403.99,72047704
2025-11-20,414.63,428.94,394.74,395.23,113548827
2025-11-21,402.32,402.8,383.76,391.09,100460633
2025-11-24,402.17,421.72,401.09,417.78,96806374
2025-11-25,414.42,420.48,405.95,419.4,71915624
2025-11-26,423.95,426.94,416.89,426.58,63462996
2025-11-28,426.59,432.93,426.2,430.17,36252861
2025-12-01,425.32,433.6599,425.29,430.14,57463552
2025-12-02,430.81,436.8,422.12,429.24,69336626
2025-12-03,432.1,447.92,431.11,446.74,87482964
2025-12-04,449.94,454.63,445.39,454.53,71906488
2025-12-05,453.03,458.87,451.66,455,56427522
2025-12-08,447.445,449.7463,435.25,439.58,69165753
2025-12-09,437.54,452.39,435.7,445.17,62367442
2025-12-10,446.065,456.88,443.61,451.45,63257475
2025-12-11,448.945,449.2699,440.33,446.89,55979492
2025-12-12,448.09,463.01,441.67,458.96,95656749
2025-12-15,469.44,481.7694,467.66,475.31,114542204
2025-12-16,472.21,491.5,465.83,489.88,107608075
2025-12-17,488.22,495.2799,466.2,467.26,106490405
2025-12-18,478.16,490.86,473.12,483.37,95168446
2025-12-19,488.12,490.49,474.72,481.2,103305424
2025-12-22,489.88,498.83,485.33,488.73,86916066
2025-12-23,489.395,491.97,482.84,485.56,58223633
2025-12-24,488.48,490.9,476.8,485.4,41285429
2025-12-26,485.23,489.09,473.82,475.19,58780659
2025-12-29,469,469.4,459,459.64,66263033
2025-12-30,461.09,463.12,453.83,454.43,59238464
2025-12-31,456.1,456.55,449.3,449.72,49077961
2026-01-02,457.8,458.34,435.3,438.07,85535406
2026-01-05,447.99,457.5499,444.57,451.67,67940839
2026-01-06,446.38,448.25,428.78,432.96,89093758
2026-01-07,435.9,438.37,431.29,431.41,59828790
2026-01-08,427.89,436.89,424.365,435.8,57041094
2026-01-09,435.945,449.05,430.39,445.01,67331456
2026-01-12,441.225,454.3,438,448.96,61649627
2026-01-13,450.2,451.81,443.95,447.2,53719214
2026-01-14,442.81,443.91,434.22,439.2,57259500
2026-01-15,441.125,445.36,437.65,438.57,49465813
2026-01-16,439.5,447.25,435.2601,437.5,60220551
2026-01-20,429.36,430.725,417.44,419.25,63187336
2026-01-21,421.66,438.2,419.6201,431.44,68123987
2026-01-22,435.16,449.5,432.6293,449.36,71546729
2026-01-23,447.425,452.43,444.04,449.06,56771364
2026-01-26,445,445.04,434.28,435.2,49397415
2026-01-27,437.41,437.52,430.69,430.9,37733077
2026-01-28,431.91,438.26,430.1,431.46,54857403
2026-01-29,437.8,440.2299,414.62,416.56,81686127
2026-01-30,425.35,439.88,422.7,430.41,82626066
2026-02-02,421.29,427.15,414.5,421.81,58739455
2026-02-03,424.27,428.56,413.6901,421.96,56886549
2026-02-04,420.46,423.9,399.18,406.01,74606873
2026-02-05,397.015,402.1,387.5309,397.21,72819838
2026-02-06,400.87,414.55,397.751,411.11,62677144
2026-02-09,409.905,421.25,407.29,417.32,54484258
2026-02-10,418.08,427.25,417,425.21,64450233
2026-02-11,427.955,436.35,420.03,428.27,57361989
2026-02-12,430.3,436.23,414,417.07,61933359
2026-02-13,414.305,424.06,410.88,417.44,51434147
2026-02-17,412.36,413.72,400.51,410.63,59678789
2026-02-18,411.11,416.9,409.58,411.32,45921402
2026-02-19,407.25,415.2499,404.11,411.71,51019638
2026-02-20,408.3,414.7,405.5,411.82,57912225
2026-02-23,407.285,407.7,394.04,399.83,69680026
2026-02-24,399.5,410.82,397.64,409.38,58579482
2026-02-25,412.15,420.34,412.15,417.4,54809704
2026-02-26,414.42,416.81,403.66,408.58,53602497
2026-02-27,402.94,407.12,398.11,402.51,56890097
2026-03-02,390.6,404.54,388.25,403.32,55088338
2026-03-03,395.09,396.34,385.39,392.43,62617298
2026-03-04,397.845,408.33,394.58,405.94,68305513
2026-03-05,401.57,408.62,399.42,405.55,51925898
2026-03-06,398.09,402.35,394.21,396.73,64054561
2026-03-09,390.05,401.59,381.4,398.68,67018911
2026-03-10,402.22,406.59,398.19,399.235,59258743
2026-03-11,402.28,416.3799,402.15,407.82,62559930
2026-03-12,405.175,406.5,394.65,395.01,60973793
2026-03-13,399.165,400.2,389.95,391.2,58504091
2026-03-16,396.22,403.73,394.42,395.56,58068343
2026-03-17,395.69,400.12,393,399.27,46890467
2026-03-18,399,403.065,392.31,392.78,50853149
2026-03-19,387.27,387.27,378.73,380.3,67078259
2026-03-20,379.85,379.89,364.4601,367.96,78628603
2026-03-23,373.09,385.33,372.73,380.85,74606049
2026-03-24,376.56,387.48,376.31,383.03,60004909
2026-03-25,389.99,396.23,385.01,385.95,55157265
2026-03-26,381.6,384.44,371.87,372.11,55522879
2026-03-27,369.69,369.86,359.47,361.83,62065659
2026-03-30,365.86,367.29,352.14,355.28,67954405
2026-03-31,361.51,373.33,361,371.75,75534934
2026-04-01,378.63,383.14,374.08,381.26,58683752
2026-04-02,364.195,370.28,359.03,360.59,83031226
2026-04-06,362.59,367.72,346.64,352.82,77697643
2026-04-07,346.44,348.02,337.24,346.65,74515355
2026-04-08,363.79,364.5,339.67,343.25,78838616
2026-04-09,343.15,348.88,337.25,345.62,62164016
2026-04-10,346.285,350.36,342.74,348.95,51336034
2026-04-13,350.065,356.35,348.57,352.42,53617477
2026-04-14,357.67,367.63,354.77,364.2,59979607
2026-04-15,366.83,394.65,362.5,391.95,113810355
2026-04-16,393.81,394.06,381.8,388.9,63515136
2026-04-17,395.92,409.28,391.65,400.62,90640032
2026-04-20,402.58,406.8,388.33,392.5,64603868
2026-04-21,393,393.95,385.2201,386.42,50530611
2026-04-22,387.57,393.01,385.3,387.51,62362785
2026-04-23,375.28,386,368.39,373.72,93969510
2026-04-24,373.5,382.76,370.73,376.3,62893307
2026-04-27,372.09,380.78,364.02,378.67,66735816
2026-04-28,374.675,382.29,372.54,376.02,50864357
2026-04-29,375.4,376.4,370.04,372.8,45384836
2026-04-30,372.75,384.75,368.17,381.63,51076041
2026-05-01,382.485,397.8211,378.8,390.82,65338257
2026-05-04,390.23,394.64,384.8004,392.51,48765143
2026-05-05,395.185,402.12,389,389.37,47780631
2026-05-06,386.25,401.68,384.02,398.73,53465365
2026-05-07,407.48,415.83,402.12,411.79,64294225
2026-05-08,416.475,431.2,416.39,428.35,65049970
2026-05-11,422.16,449.16,416.8,445,78376127
2026-05-12,441.41,447.8,422.26,433.45,60569303
2026-05-13,436.665,453.4,430.21,445.27,68283229
2026-05-14,446.49,451.98,441.16,443.3,46070361
2026-05-15,433.98,434.66,422,422.24,52688742
2026-05-18,419.27,421.13,405.33,409.99,52474188
2026-05-19,403.16,405.63,393.63,404.11,46500551
2026-05-20,407.6,417.46,406.39,417.26,45294745
2026-05-21,422.175,426.95,412.9,417.85,42636854
2026-05-22,422.665,431.51,420.51,426.01,46104710
2026-05-26,430.26,435.2,426.12,433.59,45658897
2026-05-27,442.89,445.6,435.52,440.36,44656505
2026-05-28,437.615,443.96,436.3,442.1,32434996
2026-05-29,439.845,441.07,428.14,435.79,45176821
2026-06-01,427.49,429.6,415.43,415.88,44937852
2026-06-02,418.22,424.42,413.65,423.74,37596045
2026-06-03,418.7,433.6,416,423.7,44500733
2026-06-04,419.84,426.3499,417.16,418.45,35323259
2026-06-05,420.5,424.6799,388.59,391,63420177
2026-06-08,396.33,412.94,394.72,408.95,50328834
2026-06-09,411.03,418.5,384.24,396.68,59940230
2026-06-10,391.54,397.09,380.15,381.59,49695583
2026-06-11,388.28,399.54,380.66,399.15,45324348
2026-06-12,399.49,406.68,386.76,406.43,63652286
2026-06-15,412.37,416,407.1,411.15,45620514
2026-06-16,404.11,412.42,400.54,404.66,40255473
2026-06-17,401.53,405.94,393.76,396.38,43534299
2026-06-18,398.095,402.52,384.7,400.49,58384713
2026-06-22,394.85,414.75,394.4,405.05,47819486
2026-06-23,392.61,392.87,379.06,381.61,50420210
2026-06-24,380.08,384.58,373.05,375.53,37081421
2026-06-25,375.27,379.117,371.221,375.12,30259987
2026-06-26,370.15,387.8,368.6,379.71,53434138
2026-06-29,381.79,413.27,379.3,411.84,57645798
2026-06-30,406,424.54,406,420.6,43385619
2026-07-01,421.46,432.8599,418.0901,425.3,40127902
2026-07-02,428.01,432.35,389.3011,393.45,73915762
2026-07-06,397.5,420,390.5,419.77,54727861
2026-07-07,416.96,419.56,401.88,402.9,38149901
2026-07-08,399.375,399.63,390.51,394.06,33844906
2026-07-09,393.99,407.86,390.8631,406.55,37834988
2026-07-10,410.49,413.16,402.8101,407.76,33409995
2026-07-13,404.61,405.57,391.37,394.76,32809171
2026-07-14,399.05,402.22,394.76,396.18,23384992
2026-07-15,399.395,406.5895,390.66,394.46,31549805
2026-07-16,392.35,395.31,385.32,391.06,29269113
2026-07-17,381.78,385.6899,377.22,380.84,31394594
2026-07-20,386.045,386.61,369.425,369.57,33901516
